Player,GS Efficiency,Creativity Eff,D&B Eff,Defending Ef,Nation,Pos,Squad,Age,Born,90sâ¼,Gls,Sh,SoT,SoT%,Sh/90,SoT/90,G/Sh,G/SoT,Dist,FK,PK,PKatt,xG,npxG,npxG/Sh,G-xG,np:G-xG,Passing Cmp,Passing Att,Passing Cmp%,Passing TotDist,Passing PrgDist,Short Passing Cmp,Short Passing Att,Short Passing Cmp%,Medium Passing Cmp,Medium Passing Att,Medium Passing Cmp%,Long Passing Cmp,Long Passing Att,Long Passing Cmp%,Assists,xA,A-xA,KP,Final Third Passes,PPA,CrsPA,Prog,Live Passes,Dead Passes,FK Passes,TB Passes,Press Passes,Sw Passes,Crs Passes,CK Passes,CK Inswinging,CK Outswinging,CK Straight,Ground Passes,Low Passes,High Passes,Left Footed Passes,Right Footed Passes,Head Passes,Throw in Passes,Other Passes,Offside Passes,Out Passes,Intercepted Passes,Blocked Passes,SCA,SCA90,SCA PassLive,SCA PassDead,SCA Drib,SCA Sh,SCA Fld,SCA Def,GCA,GCA90,GCA PassLive,GCA PassDead,GCA Drib,GCA Sh,GCA Fld,GCA Def,Tackles Tkl,Tackles TklW,Tackles Def 3rd,Tackles Mid 3rd,Tackles Att 3rd,vs Dribble TklW,vs Dribble Tkl Att,vs Dribble Tkl%,vs Dribble Past,Pressures Total,Pressures Succ,Pressures Succesful%,Pressures Def 3rd,Pressures Mid 3rd,Pressures Att 3rd,Blocks,Blocked Shots,Blcoked SOT,Blocked Pass,Int,Blocks and Interceptions,Tkl+Int,Clearances,Mistake To Goal,Touches,Touches Def Pen,Touches Def 3rd,Touches Mid 3rd,Touches Att 3rd,Touches Att Pen,Touches Live,Dribbles Succ,Dribbles Att,Dribbles Succ%,Dribbles #Pl,Megs,Carries,Carry TotDist,Carry PrgDist,Carry Prog,Carries Final Third,Carry into box,Miscontrol,Displaced,Receiving Pass Target,Receiving Pass Rec,Rec%,Proggresive Passes Received,CrdY,CrdR,2CrdY,Fls,Fld,Offsides,Crosses Attempted,PKwon,PKcon,OG,Recoveries,Aerial Duels Won,Aerial Duels Lost,Aerial Duels Won%,Minutes Played
Axel Tuanzebe,None,None,0.384480344,0.89788995,eng ENG,CB,Manchester Utd,22.00,1997.00,4.50,0.00,0.00,0.00,,0.00,0.00,,,,0.00,0.00,0.00,0.00,0.00,,0.00,0.00,236.00,263.00,89.70,4763.00,1047.00,76.00,81.00,93.80,123.00,132.00,93.20,35.00,43.00,81.40,0.00,0.00,0.00,0.00,9.00,0.00,0.00,10.00,253.00,10.00,4.00,0.00,23.00,7.00,0.00,0.00,0.00,0.00,0.00,218.00,25.00,20.00,31.00,213.00,11.00,6.00,1.00,1.00,4.00,7.00,3.00,0.00,0.00,0.00,0.00,0.00,0.00,0.00,0.00,0.00,0.00,0.00,0.00,0.00,0.00,0.00,0.00,10.00,5.00,5.00,4.00,1.00,6.00,8.00,75.00,2.00,58.00,16.00,27.60,36.00,19.00,3.00,14.00,7.00,0.00,7.00,4.00,18.00,14.00,19.00,1.00,316.00,52.00,170.00,143.00,18.00,0.00,306.00,0.00,2.00,0.00,0.00,0.00,192.00,1069.00,472.00,21.00,2.00,0.00,3.00,1.00,210.00,207.00,98.60,1.00,2.00,0.00,0.00,7.00,3.00,0.00,0.00,0.00,0.00,1.00,45.00,6.00,7.00,46.20,404.00
Joe Rodon,None,None,0.191257812,0.78414333,wls WAL,CB,Tottenham,22.00,1997.00,8.10,0.00,0.00,0.00,,0.00,0.00,,,,0.00,0.00,0.00,0.00,0.00,,0.00,0.00,365.00,411.00,88.80,7783.00,1857.00,101.00,110.00,91.80,206.00,219.00,94.10,56.00,78.00,71.80,0.00,0.00,0.00,0.00,9.00,0.00,0.00,10.00,405.00,6.00,6.00,0.00,33.00,3.00,0.00,0.00,0.00,0.00,0.00,327.00,31.00,53.00,25.00,349.00,25.00,0.00,1.00,0.00,7.00,3.00,2.00,0.00,0.00,0.00,0.00,0.00,0.00,0.00,0.00,0.00,0.00,0.00,0.00,0.00,0.00,0.00,0.00,15.00,9.00,12.00,3.00,0.00,4.00,5.00,80.00,1.00,78.00,20.00,25.60,55.00,20.00,3.00,15.00,9.00,0.00,6.00,13.00,28.00,28.00,51.00,1.00,500.00,87.00,301.00,217.00,4.00,1.00,495.00,0.00,0.00,,0.00,0.00,286.00,1194.00,426.00,5.00,0.00,0.00,2.00,0.00,330.00,324.00,98.20,0.00,0.00,0.00,0.00,3.00,9.00,1.00,0.00,0.00,0.00,0.00,73.00,24.00,11.00,68.60,733.00
Kortney Hause,0.644105,None,0.196931228,0.74709949,eng ENG,CB,Aston Villa,25.00,1995.00,7.00,1.00,5.00,1.00,20.00,0.71,0.14,0.20,1.00,7.40,0.00,0.00,0.00,1.20,1.20,0.24,-0.20,-0.20,169.00,216.00,78.20,3950.00,1252.00,39.00,47.00,83.00,91.00,103.00,88.30,37.00,62.00,59.70,0.00,0.00,0.00,0.00,11.00,0.00,0.00,10.00,205.00,11.00,11.00,0.00,33.00,9.00,2.00,0.00,0.00,0.00,0.00,126.00,24.00,66.00,149.00,26.00,21.00,0.00,0.00,0.00,5.00,3.00,3.00,0.00,0.00,0.00,0.00,0.00,0.00,0.00,0.00,0.00,0.00,0.00,0.00,0.00,0.00,0.00,0.00,5.00,4.00,3.00,2.00,0.00,0.00,1.00,0.00,1.00,39.00,14.00,35.90,24.00,14.00,1.00,6.00,4.00,0.00,2.00,12.00,18.00,17.00,65.00,0.00,307.00,63.00,183.00,125.00,14.00,11.00,297.00,0.00,1.00,0.00,0.00,0.00,135.00,812.00,377.00,7.00,1.00,0.00,2.00,0.00,149.00,140.00,94.00,1.00,2.00,0.00,0.00,8.00,4.00,0.00,2.00,0.00,0.00,0.00,71.00,47.00,14.00,77.00,630.00
Matt Ritchie,0.7431385,1.0000003,0.776434,0.72312745,sct SCO,DF,Newcastle Utd,30.00,1989.00,15.00,0.00,11.00,1.00,9.10,0.73,0.07,0.00,0.00,22.20,2.00,0.00,0.00,0.40,0.40,0.04,-0.40,-0.40,411.00,607.00,67.70,7978.00,3480.00,184.00,210.00,87.60,149.00,195.00,76.40,69.00,178.00,38.80,2.00,1.50,0.50,24.00,27.00,18.00,13.00,37.00,473.00,134.00,32.00,0.00,95.00,35.00,59.00,37.00,24.00,13.00,0.00,289.00,115.00,203.00,415.00,86.00,28.00,65.00,3.00,3.00,18.00,14.00,26.00,40.00,2.67,19.00,16.00,0.00,1.00,2.00,2.00,4.00,0.27,1.00,1.00,0.00,0.00,1.00,1.00,17.00,9.00,7.00,5.00,5.00,5.00,21.00,23.80,16.00,152.00,32.00,21.10,71.00,53.00,28.00,31.00,2.00,0.00,29.00,23.00,54.00,40.00,43.00,0.00,754.00,50.00,226.00,298.00,272.00,13.00,624.00,6.00,8.00,75.00,6.00,0.00,376.00,2068.00,1156.00,51.00,25.00,1.00,8.00,9.00,443.00,391.00,88.30,14.00,2.00,0.00,0.00,14.00,20.00,1.00,59.00,1.00,0.00,1.00,103.00,15.00,21.00,41.70,1350.00
Calum Chambers,0.582334,0.9999998,1,0.89217266,eng ENG,CB,Arsenal,25.00,1995.00,8.40,0.00,8.00,0.00,0.00,0.96,0.00,0.00,,15.50,0.00,0.00,0.00,0.60,0.60,0.07,-0.60,-0.60,462.00,575.00,80.30,8301.00,2388.00,206.00,231.00,89.20,204.00,241.00,84.60,47.00,85.00,55.30,2.00,1.10,0.90,11.00,24.00,9.00,5.00,23.00,488.00,87.00,8.00,1.00,58.00,8.00,27.00,0.00,0.00,0.00,0.00,366.00,105.00,104.00,28.00,427.00,30.00,79.00,0.00,1.00,6.00,10.00,17.00,16.00,1.91,15.00,0.00,0.00,1.00,0.00,0.00,2.00,0.24,2.00,0.00,0.00,0.00,0.00,0.00,9.00,3.00,4.00,3.00,2.00,3.00,10.00,30.00,7.00,95.00,28.00,29.50,50.00,30.00,15.00,16.00,3.00,0.00,13.00,14.00,30.00,23.00,45.00,0.00,678.00,43.00,250.00,276.00,191.00,23.00,592.00,3.00,8.00,37.50,3.00,2.00,391.00,1579.00,963.00,33.00,15.00,1.00,6.00,5.00,437.00,405.00,92.70,21.00,0.00,0.00,0.00,9.00,2.00,0.00,27.00,0.00,0.00,0.00,94.00,23.00,17.00,57.50,753.00
JoÃ«l Matip,1,0.990635,0.700682112,0.82128382,cm CMR,CB,Liverpool,28.00,1991.00,7.70,1.00,5.00,2.00,40.00,0.65,0.26,0.20,0.50,6.80,0.00,0.00,0.00,0.60,0.60,0.13,0.40,0.40,466.00,527.00,88.40,10052.00,2584.00,127.00,136.00,93.40,256.00,271.00,94.50,80.00,114.00,70.20,2.00,1.00,1.00,2.00,30.00,1.00,0.00,15.00,518.00,9.00,9.00,1.00,41.00,7.00,0.00,0.00,0.00,0.00,0.00,411.00,50.00,66.00,73.00,416.00,23.00,0.00,0.00,0.00,4.00,8.00,5.00,6.00,0.78,5.00,0.00,0.00,1.00,0.00,0.00,2.00,0.26,1.00,0.00,0.00,1.00,0.00,0.00,15.00,11.00,11.00,4.00,0.00,5.00,8.00,62.50,3.00,58.00,24.00,41.40,35.00,20.00,3.00,7.00,0.00,0.00,7.00,4.00,11.00,19.00,28.00,0.00,583.00,51.00,268.00,335.00,24.00,6.00,575.00,0.00,0.00,,0.00,0.00,353.00,2008.00,1296.00,38.00,12.00,0.00,0.00,2.00,431.00,422.00,97.90,0.00,2.00,0.00,0.00,10.00,6.00,0.00,0.00,0.00,0.00,0.00,82.00,24.00,11.00,68.60,691.00
CÃ©sar Azpilicueta,0.6316124,0.9095599,0.695020524,0.84918242,es ESP,DF,Chelsea,30.00,1989.00,24.30,1.00,11.00,4.00,36.40,0.45,0.16,0.09,0.25,16.10,0.00,0.00,0.00,0.80,0.80,0.07,0.20,0.20,1763.00,2015.00,87.50,30771.00,11059.00,750.00,804.00,93.30,873.00,953.00,91.60,119.00,201.00,59.20,2.00,2.60,-0.60,26.00,130.00,25.00,5.00,116.00,1830.00,185.00,35.00,4.00,128.00,12.00,29.00,0.00,0.00,0.00,0.00,1500.00,265.00,250.00,165.00,1585.00,77.00,150.00,7.00,4.00,18.00,37.00,39.00,42.00,1.73,40.00,1.00,0.00,0.00,0.00,1.00,4.00,0.16,4.00,0.00,0.00,0.00,0.00,0.00,52.00,31.00,23.00,23.00,6.00,21.00,35.00,60.00,14.00,346.00,106.00,30.60,153.00,141.00,52.00,37.00,7.00,0.00,30.00,37.00,74.00,89.00,97.00,1.00,2269.00,136.00,824.00,1076.00,465.00,38.00,2088.00,5.00,10.00,50.00,5.00,0.00,1331.00,5749.00,3612.00,114.00,37.00,1.00,8.00,13.00,1656.00,1582.00,95.50,36.00,5.00,1.00,0.00,33.00,16.00,5.00,29.00,0.00,0.00,0.00,243.00,58.00,48.00,54.70,2188.00
Fabian SchÃ¤r,0.68437,0.722278,0.389306984,0.76647495,ch SUI,CB,Newcastle Utd,28.00,1991.00,13.80,1.00,10.00,4.00,40.00,0.72,0.29,0.00,0.00,28.40,3.00,1.00,1.00,1.20,0.40,0.04,-0.20,-0.40,453.00,583.00,77.70,10909.00,4622.00,133.00,148.00,89.90,199.00,227.00,87.70,120.00,203.00,59.10,0.00,0.00,0.00,1.00,40.00,12.00,0.00,39.00,529.00,54.00,30.00,2.00,65.00,31.00,3.00,0.00,0.00,0.00,0.00,347.00,64.00,172.00,82.00,442.00,25.00,24.00,0.00,4.00,12.00,12.00,6.00,9.00,0.65,7.00,0.00,0.00,0.00,1.00,1.00,1.00,0.07,1.00,0.00,0.00,0.00,0.00,0.00,19.00,9.00,14.00,5.00,0.00,7.00,22.00,31.80,15.00,110.00,33.00,30.00,65.00,41.00,4.00,24.00,13.00,0.00,11.00,22.00,46.00,41.00,63.00,1.00,737.00,100.00,424.00,312.00,63.00,11.00,684.00,7.00,13.00,53.80,7.00,1.00,443.00,2470.00,1474.00,34.00,7.00,0.00,4.00,6.00,441.00,421.00,95.50,1.00,4.00,1.00,0.00,22.00,15.00,1.00,3.00,0.00,0.00,0.00,123.00,20.00,25.00,44.40,1246.00
Jack Robinson,1,0.7024769,1,0.74119728,eng ENG,CB,Sheffield Utd,26.00,1993.00,9.70,0.00,5.00,0.00,0.00,0.51,0.00,0.00,,12.50,0.00,0.00,0.00,0.40,0.40,0.08,-0.40,-0.40,354.00,439.00,80.60,6743.00,2333.00,144.00,157.00,91.70,154.00,180.00,85.60,51.00,89.00,57.30,1.00,0.90,0.10,1.00,24.00,1.00,0.00,20.00,396.00,43.00,5.00,0.00,48.00,4.00,11.00,0.00,0.00,0.00,0.00,304.00,39.00,96.00,308.00,52.00,25.00,38.00,1.00,0.00,3.00,3.00,7.00,6.00,0.62,3.00,0.00,1.00,1.00,1.00,0.00,4.00,0.41,2.00,0.00,1.00,0.00,1.00,0.00,16.00,10.00,10.00,5.00,1.00,6.00,7.00,85.70,1.00,79.00,25.00,31.60,40.00,28.00,11.00,12.00,5.00,0.00,7.00,17.00,29.00,33.00,60.00,0.00,553.00,58.00,227.00,267.00,88.00,7.00,512.00,3.00,4.00,75.00,4.00,2.00,300.00,1338.00,577.00,20.00,8.00,0.00,3.00,4.00,314.00,305.00,97.10,7.00,3.00,0.00,0.00,11.00,7.00,0.00,11.00,1.00,1.00,0.00,91.00,28.00,24.00,53.80,877.00
Ethan Ampadu,0.161863,0.5744051,0.53944051,0.84348014,wls WAL,CB,Sheffield Utd,19.00,2000.00,23.20,0.00,7.00,2.00,28.60,0.30,0.09,0.00,0.00,17.20,0.00,0.00,0.00,0.30,0.30,0.05,-0.30,-0.30,857.00,1064.00,80.50,17276.00,5506.00,306.00,353.00,86.70,405.00,470.00,86.20,134.00,211.00,63.50,0.00,0.90,-0.90,10.00,69.00,16.00,2.00,84.00,979.00,85.00,19.00,3.00,121.00,42.00,11.00,5.00,5.00,0.00,0.00,710.00,122.00,232.00,174.00,722.00,65.00,61.00,4.00,1.00,27.00,15.00,19.00,15.00,0.65,13.00,1.00,0.00,0.00,1.00,0.00,0.00,0.00,0.00,0.00,0.00,0.00,0.00,0.00,62.00,36.00,31.00,26.00,5.00,21.00,49.00,42.90,28.00,359.00,101.00,28.10,180.00,138.00,41.00,48.00,20.00,0.00,28.00,39.00,87.00,101.00,120.00,2.00,1354.00,150.00,542.00,684.00,224.00,9.00,1273.00,9.00,13.00,69.20,10.00,0.00,723.00,4578.00,2737.00,98.00,35.00,0.00,14.00,7.00,795.00,764.00,96.10,9.00,3.00,0.00,0.00,41.00,27.00,1.00,11.00,0.00,1.00,1.00,220.00,66.00,30.00,68.80,2089.00
Dan Burn,0.577798,0.5458275,0.70645225,0.79436867,eng ENG,CB,Brighton,28.00,1992.00,22.90,1.00,16.00,6.00,37.50,0.70,0.26,0.06,0.17,14.20,0.00,0.00,0.00,1.50,1.50,0.10,-0.50,-0.50,952.00,1242.00,76.70,16883.00,5286.00,399.00,488.00,81.80,477.00,572.00,83.40,66.00,142.00,46.50,0.00,1.00,-1.00,9.00,73.00,15.00,5.00,77.00,1092.00,150.00,11.00,0.00,173.00,20.00,32.00,1.00,1.00,0.00,0.00,748.00,212.00,282.00,822.00,122.00,85.00,138.00,4.00,4.00,36.00,30.00,33.00,20.00,0.87,19.00,0.00,0.00,1.00,0.00,0.00,1.00,0.04,0.00,0.00,0.00,1.00,0.00,0.00,47.00,22.00,31.00,13.00,3.00,21.00,54.00,38.90,33.00,310.00,103.00,33.20,146.00,114.00,50.00,39.00,7.00,1.00,32.00,37.00,76.00,84.00,95.00,0.00,1516.00,115.00,491.00,732.00,378.00,43.00,1369.00,17.00,22.00,77.30,18.00,0.00,845.00,4343.00,2392.00,78.00,25.00,2.00,23.00,14.00,1036.00,920.00,88.80,43.00,5.00,0.00,0.00,43.00,7.00,4.00,32.00,0.00,1.00,1.00,195.00,99.00,41.00,70.70,2061.00
Jack Stephens,0.219997,0.5367462,0.515579288,0.88814688,eng ENG,CB,Southampton,26.00,1994.00,17.10,0.00,6.00,2.00,33.30,0.35,0.12,0.00,0.00,8.20,0.00,0.00,0.00,0.70,0.70,0.12,-0.70,-0.70,845.00,1016.00,83.20,17222.00,6271.00,280.00,317.00,88.30,439.00,490.00,89.60,117.00,187.00,62.60,0.00,0.50,-0.50,8.00,67.00,11.00,0.00,60.00,959.00,57.00,20.00,3.00,146.00,18.00,0.00,0.00,0.00,0.00,0.00,741.00,66.00,209.00,85.00,832.00,51.00,37.00,0.00,1.00,13.00,19.00,10.00,18.00,1.05,17.00,0.00,0.00,0.00,0.00,1.00,0.00,0.00,0.00,0.00,0.00,0.00,0.00,0.00,37.00,19.00,22.00,14.00,1.00,17.00,38.00,44.70,21.00,169.00,58.00,34.30,95.00,65.00,9.00,41.00,13.00,0.00,28.00,25.00,66.00,62.00,84.00,1.00,1217.00,120.00,580.00,661.00,69.00,11.00,1161.00,3.00,4.00,75.00,3.00,0.00,701.00,4264.00,2408.00,63.00,12.00,0.00,5.00,8.00,811.00,792.00,97.70,1.00,2.00,0.00,0.00,10.00,9.00,0.00,0.00,0.00,0.00,0.00,175.00,26.00,18.00,59.10,1537.00
Benjamin White,0.2061227,0.4700347,0.579690739,0.74985384,eng ENG,CB,Brighton,22.00,1997.00,35.50,0.00,10.00,0.00,0.00,0.28,0.00,0.00,,16.50,0.00,0.00,0.00,0.70,0.70,0.07,-0.70,-0.70,1470.00,1766.00,83.20,30785.00,9425.00,487.00,540.00,90.20,729.00,816.00,89.30,241.00,375.00,64.30,0.00,0.70,-0.70,8.00,111.00,20.00,2.00,116.00,1688.00,78.00,33.00,3.00,157.00,43.00,19.00,0.00,0.00,0.00,0.00,1296.00,157.00,313.00,147.00,1462.00,72.00,45.00,7.00,3.00,39.00,30.00,24.00,26.00,0.73,22.00,0.00,1.00,0.00,1.00,2.00,3.00,0.08,3.00,0.00,0.00,0.00,0.00,0.00,56.00,33.00,28.00,24.00,4.00,24.00,64.00,37.50,40.00,409.00,142.00,34.70,184.00,188.00,37.00,69.00,25.00,0.00,44.00,45.00,114.00,101.00,78.00,2.00,2064.00,201.00,939.00,999.00,270.00,28.00,1990.00,24.00,41.00,58.50,31.00,0.00,1376.00,7068.00,3793.00,108.00,37.00,1.00,11.00,15.00,1465.00,1403.00,95.80,18.00,5.00,1.00,1.00,39.00,14.00,1.00,19.00,0.00,0.00,0.00,302.00,52.00,46.00,53.10,3191.00
Japhet Tanganga,-2.00E-06,0.462001,0.26315035,0.7881911,eng ENG,DF,Tottenham,21.00,1999.00,5.40,0.00,2.00,0.00,0.00,0.37,0.00,0.00,,5.50,0.00,0.00,0.00,0.20,0.20,0.10,-0.20,-0.20,193.00,229.00,84.30,2898.00,1163.00,108.00,120.00,90.00,72.00,81.00,88.90,7.00,17.00,41.20,0.00,0.00,0.00,0.00,6.00,3.00,1.00,12.00,191.00,38.00,4.00,0.00,30.00,4.00,4.00,0.00,0.00,0.00,0.00,133.00,63.00,33.00,14.00,161.00,15.00,34.00,1.00,0.00,1.00,3.00,5.00,1.00,0.18,0.00,1.00,0.00,0.00,0.00,0.00,0.00,0.00,0.00,0.00,0.00,0.00,0.00,0.00,4.00,4.00,4.00,0.00,0.00,1.00,3.00,33.30,2.00,76.00,22.00,28.90,40.00,24.00,12.00,9.00,4.00,0.00,5.00,2.00,11.00,6.00,19.00,0.00,272.00,23.00,104.00,124.00,59.00,3.00,235.00,12.00,14.00,85.70,12.00,1.00,155.00,617.00,350.00,10.00,3.00,0.00,0.00,4.00,170.00,150.00,88.20,2.00,2.00,0.00,0.00,12.00,8.00,0.00,4.00,0.00,0.00,0.00,50.00,11.00,9.00,55.00,487.00
Chris Basham,0.1341077,0.4367023,0.9052955,0.8323334,eng ENG,CB,Sheffield Utd,32.00,1988.00,28.60,0.00,10.00,1.00,10.00,0.35,0.03,0.00,0.00,13.10,0.00,0.00,0.00,0.80,0.80,0.08,-0.80,-0.80,900.00,1105.00,81.40,16284.00,4713.00,404.00,451.00,89.60,377.00,444.00,84.90,105.00,169.00,62.10,1.00,0.80,0.20,10.00,54.00,15.00,7.00,62.00,1040.00,65.00,14.00,1.00,116.00,14.00,24.00,0.00,0.00,0.00,0.00,764.00,136.00,205.00,134.00,790.00,82.00,51.00,5.00,2.00,26.00,15.00,23.00,22.00,0.77,18.00,0.00,2.00,0.00,2.00,0.00,1.00,0.03,1.00,0.00,0.00,0.00,0.00,0.00,76.00,46.00,48.00,22.00,6.00,37.00,70.00,52.90,33.00,383.00,115.00,30.00,201.00,137.00,45.00,49.00,15.00,5.00,34.00,45.00,94.00,121.00,124.00,1.00,1454.00,180.00,603.00,634.00,317.00,44.00,1390.00,19.00,28.00,67.90,22.00,1.00,823.00,4896.00,3206.00,106.00,29.00,2.00,14.00,26.00,854.00,774.00,90.60,39.00,5.00,0.00,0.00,32.00,31.00,6.00,24.00,1.00,1.00,0.00,295.00,77.00,63.00,55.00,2576.00
David Luiz,0.39283,0.4297828,1,0.57912905,br BRA,CB,Arsenal,33.00,1987.00,15.50,1.00,15.00,2.00,13.30,0.97,0.13,0.07,0.50,17.50,3.00,0.00,0.00,0.90,0.90,0.06,0.10,0.10,807.00,965.00,83.60,18737.00,5266.00,176.00,193.00,91.20,442.00,474.00,93.20,183.00,279.00,65.60,0.00,0.40,-0.40,2.00,66.00,8.00,0.00,61.00,932.00,33.00,31.00,2.00,91.00,27.00,7.00,0.00,0.00,0.00,0.00,709.00,86.00,170.00,157.00,753.00,36.00,2.00,6.00,3.00,19.00,14.00,16.00,10.00,0.64,8.00,0.00,1.00,0.00,0.00,1.00,1.00,0.06,1.00,0.00,0.00,0.00,0.00,0.00,15.00,9.00,7.00,8.00,0.00,5.00,7.00,71.40,2.00,95.00,37.00,38.90,51.00,39.00,5.00,23.00,11.00,0.00,12.00,12.00,35.00,27.00,67.00,0.00,1100.00,152.00,585.00,553.00,65.00,19.00,1067.00,2.00,4.00,50.00,2.00,0.00,738.00,5310.00,3380.00,80.00,19.00,2.00,2.00,1.00,841.00,824.00,98.00,1.00,1.00,1.00,0.00,16.00,7.00,1.00,7.00,0.00,0.00,0.00,115.00,30.00,12.00,71.40,1396.00
Rhys Williams,0.33169,0.414244,0.273328434,0.68741072,eng ENG,CB,Liverpool,19.00,2001.00,7.30,0.00,7.00,0.00,0.00,0.95,0.00,0.00,,8.90,0.00,0.00,0.00,0.50,0.50,0.08,-0.50,-0.50,415.00,451.00,92.00,9374.00,2316.00,91.00,100.00,91.00,228.00,239.00,95.40,93.00,107.00,86.90,0.00,0.40,-0.40,2.00,21.00,1.00,0.00,13.00,444.00,7.00,7.00,1.00,35.00,9.00,0.00,0.00,0.00,0.00,0.00,369.00,32.00,50.00,30.00,380.00,32.00,0.00,0.00,0.00,3.00,7.00,2.00,5.00,0.68,4.00,0.00,0.00,1.00,0.00,0.00,1.00,0.14,0.00,0.00,0.00,1.00,0.00,0.00,6.00,2.00,2.00,4.00,0.00,1.00,2.00,50.00,1.00,54.00,15.00,27.80,29.00,21.00,4.00,5.00,4.00,0.00,1.00,8.00,13.00,14.00,67.00,1.00,543.00,69.00,273.00,271.00,18.00,9.00,536.00,1.00,1.00,100.00,1.00,0.00,329.00,1398.00,549.00,14.00,2.00,0.00,0.00,0.00,373.00,366.00,98.10,2.00,0.00,0.00,0.00,4.00,3.00,0.00,0.00,0.00,0.00,0.00,76.00,32.00,7.00,82.10,661.00
Mason Holgate,0.2217885,0.3935154,0.417874608,0.7862382,eng ENG,CB,Everton,23.00,1996.00,25.40,1.00,5.00,3.00,60.00,0.20,0.12,0.20,0.33,11.70,0.00,0.00,0.00,0.80,0.80,0.16,0.20,0.20,945.00,1200.00,78.80,21912.00,7615.00,246.00,282.00,87.20,485.00,564.00,86.00,210.00,335.00,62.70,0.00,0.60,-0.60,9.00,59.00,12.00,4.00,67.00,1050.00,150.00,29.00,1.00,121.00,41.00,27.00,0.00,0.00,0.00,0.00,764.00,139.00,297.00,174.00,825.00,58.00,121.00,2.00,2.00,31.00,34.00,19.00,21.00,0.83,15.00,2.00,0.00,0.00,3.00,1.00,0.00,0.00,0.00,0.00,0.00,0.00,0.00,0.00,65.00,38.00,38.00,20.00,7.00,22.00,55.00,40.00,33.00,316.00,97.00,30.70,162.00,115.00,39.00,55.00,13.00,0.00,42.00,41.00,96.00,106.00,110.00,3.00,1485.00,176.00,746.00,654.00,164.00,8.00,1339.00,7.00,11.00,63.60,8.00,0.00,802.00,4017.00,2473.00,49.00,8.00,1.00,11.00,9.00,893.00,854.00,95.60,14.00,9.00,0.00,0.00,31.00,31.00,1.00,27.00,0.00,0.00,0.00,201.00,42.00,23.00,64.60,2287.00
Aymeric Laporte,0.257053,0.3565294,1.000000598,0.6313794,es ESP,CB,Manchester City,26.00,1994.00,14.90,0.00,6.00,1.00,16.70,0.40,0.07,0.00,0.00,11.40,0.00,0.00,0.00,0.80,0.80,0.13,-0.80,-0.80,1160.00,1261.00,92.00,24147.00,6963.00,353.00,372.00,94.90,624.00,651.00,95.90,179.00,224.00,79.90,0.00,0.70,-0.70,4.00,108.00,5.00,0.00,72.00,1229.00,32.00,24.00,0.00,95.00,26.00,0.00,0.00,0.00,0.00,0.00,1097.00,64.00,100.00,941.00,251.00,30.00,8.00,6.00,1.00,15.00,10.00,11.00,9.00,0.60,9.00,0.00,0.00,0.00,0.00,0.00,1.00,0.07,1.00,0.00,0.00,0.00,0.00,0.00,13.00,6.00,10.00,3.00,0.00,3.00,9.00,33.30,6.00,81.00,24.00,29.60,48.00,27.00,6.00,18.00,8.00,0.00,10.00,8.00,26.00,21.00,53.00,1.00,1365.00,110.00,530.00,887.00,69.00,9.00,1336.00,3.00,3.00,100.00,3.00,0.00,1013.00,6153.00,4084.00,140.00,21.00,0.00,3.00,2.00,1109.00,1093.00,98.60,2.00,1.00,0.00,0.00,9.00,11.00,2.00,0.00,0.00,1.00,0.00,139.00,46.00,18.00,71.90,1344.00
Harry Maguire,0.8467729,0.3433527,0.94667661,0.86999154,eng ENG,CB,Manchester Utd,27.00,1993.00,33.90,2.00,36.00,9.00,25.00,1.06,0.27,0.06,0.22,11.10,0.00,0.00,0.00,2.10,2.10,0.06,-0.10,-0.10,1904.00,2139.00,89.00,42647.00,12352.00,484.00,532.00,91.00,1024.00,1097.00,93.30,382.00,483.00,79.10,1.00,0.30,0.70,7.00,194.00,8.00,1.00,104.00,2075.00,64.00,53.00,1.00,228.00,73.00,4.00,0.00,0.00,0.00,0.00,1628.00,165.00,346.00,294.00,1645.00,112.00,11.00,11.00,7.00,28.00,32.00,11.00,31.00,0.92,23.00,0.00,1.00,4.00,1.00,2.00,6.00,0.18,4.00,0.00,0.00,1.00,0.00,1.00,30.00,18.00,20.00,10.00,0.00,14.00,26.00,53.80,12.00,191.00,67.00,35.10,107.00,76.00,8.00,45.00,24.00,0.00,21.00,61.00,106.00,91.00,176.00,1.00,2500.00,373.00,1258.00,1241.00,206.00,51.00,2440.00,6.00,13.00,46.20,7.00,0.00,1541.00,10746.00,6498.00,200.00,57.00,3.00,6.00,10.00,1746.00,1703.00,97.50,11.00,11.00,0.00,0.00,43.00,36.00,1.00,4.00,0.00,0.00,0.00,392.00,145.00,42.00,77.50,3047.00
Diego Llorente,0.567822,0.3411272,0.60979923,1.000004,es ESP,CB,Leeds United,26.00,1993.00,13.40,1.00,8.00,3.00,37.50,0.60,0.22,0.13,0.33,16.40,0.00,0.00,0.00,0.70,0.70,0.09,0.30,0.30,568.00,665.00,85.40,13050.00,3174.00,94.00,108.00,87.00,370.00,405.00,91.40,99.00,136.00,72.80,0.00,0.60,-0.60,4.00,28.00,1.00,0.00,23.00,642.00,23.00,23.00,2.00,66.00,18.00,2.00,0.00,0.00,0.00,0.00,523.00,55.00,87.00,135.00,504.00,16.00,0.00,1.00,1.00,6.00,19.00,12.00,6.00,0.45,5.00,0.00,0.00,1.00,0.00,0.00,1.00,0.07,1.00,0.00,0.00,0.00,0.00,0.00,39.00,27.00,24.00,15.00,0.00,16.00,26.00,61.50,10.00,250.00,89.00,35.60,152.00,94.00,4.00,25.00,13.00,0.00,12.00,41.00,66.00,80.00,72.00,1.00,839.00,158.00,559.00,311.00,20.00,9.00,823.00,5.00,5.00,100.00,5.00,0.00,509.00,3672.00,2231.00,32.00,2.00,0.00,2.00,7.00,525.00,513.00,97.70,1.00,1.00,0.00,0.00,24.00,12.00,0.00,2.00,0.00,0.00,0.00,117.00,40.00,26.00,60.60,1204.00
Joachim Andersen,0.3150371,0.3214175,0.513883335,0.81656646,dk DEN,CB,Fulham,24.00,1996.00,30.30,1.00,13.00,3.00,23.10,0.43,0.10,0.08,0.33,15.40,1.00,0.00,0.00,1.10,1.10,0.08,-0.10,-0.10,1529.00,1833.00,83.40,38236.00,11350.00,300.00,334.00,89.80,821.00,894.00,91.80,397.00,577.00,68.80,1.00,0.50,0.50,9.00,121.00,9.00,1.00,99.00,1765.00,68.00,54.00,1.00,163.00,96.00,4.00,0.00,0.00,0.00,0.00,1255.00,158.00,420.00,173.00,1477.00,108.00,14.00,7.00,7.00,51.00,18.00,22.00,26.00,0.86,24.00,0.00,0.00,1.00,0.00,1.00,2.00,0.07,2.00,0.00,0.00,0.00,0.00,0.00,41.00,26.00,23.00,13.00,5.00,20.00,37.00,54.10,17.00,196.00,66.00,33.70,128.00,55.00,13.00,35.00,16.00,0.00,19.00,51.00,86.00,92.00,233.00,1.00,2204.00,365.00,1311.00,942.00,94.00,22.00,2139.00,7.00,7.00,100.00,7.00,0.00,1310.00,8148.00,4263.00,69.00,12.00,0.00,6.00,6.00,1443.00,1416.00,98.10,3.00,7.00,1.00,0.00,45.00,15.00,1.00,4.00,0.00,1.00,0.00,335.00,118.00,40.00,74.70,2730.00
Thiago Silva,0.4931173,0.3139467,0.904612968,0.76321801,br BRA,CB,Chelsea,35.00,1984.00,21.50,2.00,13.00,4.00,30.80,0.60,0.19,0.15,0.50,8.00,0.00,0.00,0.00,1.10,1.10,0.09,0.90,0.90,1749.00,1871.00,93.50,38049.00,11880.00,471.00,489.00,96.30,950.00,978.00,97.10,317.00,385.00,82.30,0.00,0.30,-0.30,5.00,113.00,7.00,0.00,78.00,1828.00,43.00,39.00,3.00,112.00,47.00,1.00,0.00,0.00,0.00,0.00,1531.00,147.00,193.00,200.00,1577.00,66.00,4.00,7.00,5.00,13.00,12.00,8.00,18.00,0.84,17.00,0.00,0.00,1.00,0.00,0.00,1.00,0.05,1.00,0.00,0.00,0.00,0.00,0.00,23.00,13.00,16.00,6.00,1.00,9.00,18.00,50.00,9.00,102.00,39.00,38.20,47.00,51.00,4.00,26.00,13.00,1.00,13.00,28.00,54.00,51.00,114.00,1.00,2077.00,265.00,993.00,1185.00,57.00,19.00,2036.00,2.00,3.00,66.70,2.00,0.00,1453.00,8169.00,5319.00,159.00,17.00,0.00,7.00,2.00,1611.00,1594.00,98.90,2.00,5.00,1.00,1.00,13.00,14.00,0.00,1.00,0.00,0.00,0.00,227.00,55.00,20.00,73.30,1935.00
Paul Dummett,0.5278922,0.3135955,0.186787761,0.62780404,wls WAL,CB,Newcastle Utd,28.00,1991.00,13.90,1.00,3.00,1.00,33.30,0.22,0.07,0.33,1.00,6.90,0.00,0.00,0.00,0.30,0.30,0.10,0.70,0.70,411.00,535.00,76.80,7707.00,3851.00,185.00,200.00,92.50,166.00,200.00,83.00,52.00,119.00,43.70,0.00,0.50,-0.50,4.00,31.00,5.00,2.00,23.00,478.00,57.00,13.00,0.00,62.00,5.00,9.00,0.00,0.00,0.00,0.00,330.00,62.00,143.00,437.00,23.00,20.00,43.00,0.00,6.00,12.00,15.00,10.00,5.00,0.36,5.00,0.00,0.00,0.00,0.00,0.00,1.00,0.07,1.00,0.00,0.00,0.00,0.00,0.00,21.00,11.00,13.00,7.00,1.00,10.00,20.00,50.00,10.00,119.00,28.00,23.50,81.00,32.00,6.00,30.00,10.00,0.00,20.00,17.00,47.00,38.00,95.00,1.00,709.00,102.00,375.00,277.00,80.00,7.00,653.00,2.00,3.00,66.70,2.00,0.00,372.00,1332.00,699.00,13.00,4.00,0.00,5.00,1.00,429.00,408.00,95.10,3.00,2.00,0.00,0.00,10.00,4.00,0.00,9.00,0.00,0.00,0.00,72.00,39.00,31.00,55.70,1255.00
James Tarkowski,0.3130704,0.3009142,0.227113255,0.83369124,eng ENG,CB,Burnley,27.00,1992.00,36.00,1.00,22.00,6.00,27.30,0.61,0.17,0.05,0.17,8.30,0.00,0.00,0.00,2.60,2.60,0.12,-1.60,-1.60,840.00,1167.00,72.00,20747.00,7676.00,221.00,286.00,77.30,374.00,458.00,81.70,240.00,401.00,59.90,0.00,0.70,-0.70,10.00,69.00,13.00,2.00,76.00,1130.00,37.00,32.00,2.00,193.00,58.00,5.00,0.00,0.00,0.00,0.00,575.00,157.00,435.00,151.00,752.00,152.00,5.00,2.00,10.00,32.00,21.00,18.00,25.00,0.69,16.00,4.00,0.00,2.00,2.00,1.00,0.00,0.00,0.00,0.00,0.00,0.00,0.00,0.00,74.00,42.00,60.00,10.00,4.00,30.00,54.00,55.60,24.00,252.00,104.00,41.30,174.00,68.00,10.00,70.00,46.00,2.00,24.00,57.00,127.00,131.00,236.00,1.00,1650.00,263.00,884.00,707.00,132.00,72.00,1616.00,11.00,13.00,84.60,12.00,0.00,667.00,3576.00,1805.00,41.00,6.00,1.00,12.00,7.00,829.00,777.00,93.70,17.00,6.00,0.00,0.00,35.00,33.00,3.00,5.00,0.00,0.00,0.00,358.00,184.00,62.00,74.80,3240.00
Robin Koch,0.610402,0.2981412,0.57735999,0.95684602,de GER,CB,Leeds United,24.00,1996.00,12.60,0.00,9.00,2.00,22.20,0.72,0.16,0.00,0.00,10.80,0.00,0.00,0.00,0.80,0.80,0.09,-0.80,-0.80,648.00,757.00,85.60,13825.00,4119.00,141.00,169.00,83.40,407.00,429.00,94.90,92.00,146.00,63.00,0.00,0.20,-0.20,4.00,36.00,3.00,0.00,44.00,741.00,16.00,15.00,1.00,82.00,17.00,1.00,0.00,0.00,0.00,0.00,565.00,59.00,133.00,80.00,604.00,39.00,1.00,4.00,2.00,10.00,10.00,4.00,10.00,0.80,10.00,0.00,0.00,0.00,0.00,0.00,2.00,0.16,2.00,0.00,0.00,0.00,0.00,0.00,29.00,18.00,16.00,13.00,0.00,12.00,24.00,50.00,12.00,183.00,48.00,26.20,91.00,80.00,12.00,31.00,14.00,0.00,17.00,13.00,44.00,42.00,40.00,2.00,883.00,156.00,501.00,380.00,51.00,11.00,867.00,2.00,2.00,100.00,2.00,0.00,555.00,3121.00,1986.00,35.00,7.00,0.00,1.00,5.00,597.00,585.00,98.00,6.00,1.00,0.00,0.00,25.00,8.00,0.00,1.00,0.00,2.00,0.00,159.00,40.00,25.00,61.50,1132.00
Branislav IvanoviÄ,0.220435,0.2933418,0.17205306,0.69211728,rs SRB,CB,West Brom,36.00,1984.00,8.50,0.00,4.00,1.00,25.00,0.47,0.12,0.00,0.00,6.50,0.00,0.00,0.00,0.60,0.60,0.15,-0.60,-0.60,265.00,311.00,85.20,5966.00,1426.00,66.00,74.00,89.20,147.00,163.00,90.20,52.00,71.00,73.20,0.00,0.10,-0.10,1.00,11.00,3.00,0.00,10.00,290.00,21.00,20.00,0.00,27.00,9.00,0.00,0.00,0.00,0.00,0.00,223.00,35.00,53.00,26.00,240.00,32.00,1.00,0.00,0.00,7.00,3.00,5.00,1.00,0.12,1.00,0.00,0.00,0.00,0.00,0.00,0.00,0.00,0.00,0.00,0.00,0.00,0.00,0.00,14.00,5.00,9.00,5.00,0.00,5.00,12.00,41.70,7.00,83.00,18.00,21.70,54.00,28.00,1.00,15.00,7.00,0.00,8.00,3.00,18.00,17.00,31.00,0.00,384.00,54.00,200.00,187.00,11.00,6.00,364.00,0.00,0.00,,0.00,0.00,173.00,787.00,401.00,4.00,1.00,0.00,1.00,1.00,214.00,207.00,96.70,1.00,2.00,0.00,0.00,13.00,4.00,1.00,0.00,0.00,0.00,0.00,84.00,19.00,13.00,59.40,767.00
Michael Keane,0.600909,0.28740154,0.5315365,0.76432472,eng ENG,CB,Everton,27.00,1993.00,33.20,3.00,16.00,6.00,37.50,0.48,0.18,0.19,0.50,11.10,0.00,0.00,0.00,1.20,1.20,0.08,1.80,1.80,1631.00,1835.00,88.90,37031.00,11779.00,355.00,391.00,90.80,939.00,989.00,94.90,307.00,414.00,74.20,1.00,1.10,-0.10,8.00,104.00,6.00,0.00,87.00,1793.00,42.00,37.00,3.00,153.00,45.00,0.00,0.00,0.00,0.00,0.00,1403.00,139.00,293.00,390.00,1302.00,85.00,0.00,2.00,2.00,17.00,20.00,15.00,22.00,0.66,21.00,0.00,0.00,1.00,0.00,0.00,3.00,0.09,3.00,0.00,0.00,0.00,0.00,0.00,31.00,15.00,23.00,6.00,2.00,12.00,34.00,35.30,22.00,204.00,70.00,34.30,131.00,64.00,9.00,74.00,38.00,0.00,36.00,43.00,117.00,74.00,198.00,2.00,2206.00,375.00,1309.00,972.00,64.00,36.00,2164.00,4.00,8.00,50.00,5.00,0.00,1306.00,7644.00,4400.00,85.00,7.00,1.00,3.00,8.00,1556.00,1524.00,97.90,3.00,4.00,0.00,0.00,20.00,9.00,0.00,0.00,0.00,0.00,0.00,272.00,125.00,47.00,72.70,2991.00
Toby Alderweireld,0.4627143,0.2862654,0.363320795,0.65866096,be BEL,CB,Tottenham,31.00,1989.00,24.90,1.00,11.00,3.00,27.30,0.44,0.12,0.09,0.33,7.60,0.00,0.00,0.00,0.80,0.80,0.08,0.20,0.20,1143.00,1365.00,83.70,27127.00,7537.00,266.00,287.00,92.70,581.00,625.00,93.00,287.00,432.00,66.40,0.00,0.30,-0.30,7.00,76.00,6.00,1.00,52.00,1305.00,60.00,50.00,2.00,98.00,51.00,1.00,0.00,0.00,0.00,0.00,926.00,120.00,319.00,255.00,1010.00,66.00,10.00,4.00,2.00,19.00,21.00,13.00,19.00,0.76,16.00,0.00,0.00,3.00,0.00,0.00,3.00,0.12,3.00,0.00,0.00,0.00,0.00,0.00,38.00,19.00,23.00,15.00,0.00,15.00,27.00,55.60,12.00,202.00,74.00,36.60,128.00,71.00,3.00,53.00,32.00,1.00,21.00,15.00,68.00,53.00,162.00,0.00,1638.00,302.00,970.00,717.00,40.00,14.00,1579.00,3.00,3.00,100.00,3.00,0.00,973.00,4817.00,2473.00,49.00,5.00,0.00,2.00,2.00,1104.00,1088.00,98.60,4.00,2.00,0.00,0.00,22.00,4.00,0.00,1.00,0.00,1.00,1.00,200.00,54.00,39.00,58.10,2240.00
Gary Cahill,0.4778164,0.2861558,0.193613793,0.69125622,eng ENG,CB,Crystal Palace,34.00,1985.00,20.00,1.00,11.00,3.00,27.30,0.55,0.15,0.09,0.33,11.40,0.00,0.00,0.00,0.70,0.70,0.06,0.30,0.30,590.00,697.00,84.60,12855.00,4415.00,164.00,191.00,85.90,328.00,351.00,93.40,94.00,148.00,63.50,1.00,0.70,0.30,8.00,34.00,1.00,0.00,34.00,671.00,26.00,26.00,0.00,95.00,12.00,0.00,0.00,0.00,0.00,0.00,483.00,68.00,146.00,94.00,521.00,35.00,0.00,7.00,2.00,11.00,8.00,5.00,12.00,0.60,12.00,0.00,0.00,0.00,0.00,0.00,2.00,0.10,2.00,0.00,0.00,0.00,0.00,0.00,13.00,7.00,10.00,3.00,0.00,4.00,10.00,40.00,6.00,101.00,29.00,28.70,66.00,27.00,8.00,45.00,28.00,0.00,17.00,19.00,64.00,32.00,127.00,2.00,914.00,162.00,576.00,352.00,38.00,26.00,888.00,1.00,2.00,50.00,1.00,0.00,436.00,2290.00,1059.00,24.00,1.00,0.00,3.00,2.00,548.00,520.00,94.90,1.00,3.00,0.00,0.00,15.00,3.00,3.00,0.00,0.00,0.00,0.00,147.00,80.00,39.00,67.20,1800.00
Antonio RÃ¼diger,0.6964098,0.2763085,0.758813271,0.70212822,de GER,CB,Chelsea,27.00,1993.00,19.00,1.00,14.00,6.00,42.90,0.74,0.32,0.07,0.17,17.40,0.00,0.00,0.00,1.10,1.10,0.08,-0.10,-0.10,1339.00,1475.00,90.80,27991.00,7649.00,391.00,405.00,96.50,746.00,776.00,96.10,191.00,271.00,70.50,0.00,0.30,-0.30,3.00,111.00,4.00,1.00,52.00,1441.00,34.00,32.00,0.00,115.00,29.00,1.00,0.00,0.00,0.00,0.00,1254.00,71.00,150.00,398.00,1029.00,23.00,2.00,0.00,3.00,18.00,12.00,13.00,14.00,0.74,13.00,1.00,0.00,0.00,0.00,0.00,1.00,0.05,1.00,0.00,0.00,0.00,0.00,0.00,30.00,18.00,16.00,11.00,3.00,12.00,18.00,66.70,6.00,166.00,66.00,39.80,90.00,63.00,13.00,21.00,11.00,0.00,10.00,15.00,36.00,45.00,89.00,0.00,1651.00,184.00,771.00,895.00,98.00,19.00,1623.00,3.00,6.00,50.00,4.00,1.00,1182.00,5854.00,3273.00,76.00,25.00,1.00,2.00,0.00,1309.00,1282.00,97.90,0.00,0.00,0.00,0.00,17.00,13.00,1.00,1.00,0.00,0.00,1.00,162.00,50.00,16.00,75.80,1710.00
Angelo Ogbonna,0.488488,0.274673,0.265172464,0.65391387,it ITA,CB,West Ham,32.00,1988.00,27.70,3.00,12.00,4.00,33.30,0.43,0.14,0.25,0.75,7.20,0.00,0.00,0.00,1.50,1.50,0.12,1.50,1.50,810.00,960.00,84.40,17791.00,4668.00,191.00,214.00,89.30,468.00,511.00,91.60,140.00,216.00,64.80,0.00,1.00,-1.00,3.00,27.00,0.00,0.00,26.00,946.00,14.00,12.00,0.00,84.00,14.00,3.00,0.00,0.00,0.00,0.00,707.00,82.00,171.00,575.00,291.00,59.00,2.00,6.00,0.00,11.00,13.00,10.00,6.00,0.22,6.00,0.00,0.00,0.00,0.00,0.00,0.00,0.00,0.00,0.00,0.00,0.00,0.00,0.00,27.00,20.00,22.00,3.00,2.00,4.00,17.00,23.50,13.00,218.00,86.00,39.40,133.00,75.00,10.00,41.00,15.00,0.00,26.00,27.00,68.00,54.00,167.00,0.00,1230.00,198.00,713.00,531.00,53.00,28.00,1216.00,4.00,4.00,100.00,4.00,0.00,657.00,4546.00,2008.00,38.00,3.00,0.00,4.00,4.00,738.00,714.00,96.70,7.00,5.00,0.00,0.00,30.00,11.00,1.00,3.00,0.00,0.00,0.00,227.00,77.00,36.00,68.10,2492.00
Dara O'Shea,0.20861,0.2729451,0.332065,0.85372624,ie IRL,CB,West Brom,21.00,1999.00,23.40,0.00,4.00,0.00,0.00,0.17,0.00,0.00,,11.10,0.00,0.00,0.00,0.20,0.20,0.05,-0.20,-0.20,566.00,857.00,66.00,12412.00,5876.00,217.00,252.00,86.10,221.00,308.00,71.80,122.00,269.00,45.40,0.00,0.10,-0.10,6.00,70.00,4.00,0.00,57.00,738.00,119.00,26.00,0.00,109.00,35.00,8.00,1.00,0.00,0.00,0.00,362.00,118.00,377.00,55.00,577.00,88.00,92.00,4.00,5.00,31.00,13.00,21.00,17.00,0.73,14.00,2.00,0.00,0.00,1.00,0.00,2.00,0.09,1.00,1.00,0.00,0.00,0.00,0.00,51.00,30.00,33.00,15.00,3.00,16.00,45.00,35.60,29.00,252.00,88.00,34.90,157.00,80.00,15.00,53.00,20.00,1.00,33.00,39.00,92.00,90.00,143.00,0.00,1169.00,155.00,574.00,509.00,124.00,19.00,1052.00,5.00,11.00,45.50,5.00,0.00,468.00,2128.00,1126.00,39.00,5.00,1.00,6.00,12.00,570.00,529.00,92.80,6.00,3.00,0.00,0.00,17.00,18.00,0.00,8.00,0.00,1.00,0.00,213.00,72.00,42.00,63.20,2102.00
Kean Bryan,0.404169,0.2727264,0.284445472,0.93398064,eng ENG,CB,Sheffield Utd,23.00,1996.00,11.20,1.00,2.00,1.00,50.00,0.18,0.09,0.50,1.00,4.80,0.00,0.00,0.00,0.40,0.40,0.20,0.60,0.60,323.00,443.00,72.90,6614.00,3041.00,118.00,129.00,91.50,147.00,179.00,82.10,50.00,115.00,43.50,0.00,0.40,-0.40,4.00,27.00,3.00,1.00,22.00,421.00,22.00,4.00,0.00,54.00,15.00,15.00,0.00,0.00,0.00,0.00,257.00,48.00,138.00,373.00,19.00,25.00,18.00,0.00,1.00,12.00,14.00,11.00,5.00,0.45,5.00,0.00,0.00,0.00,0.00,0.00,0.00,0.00,0.00,0.00,0.00,0.00,0.00,0.00,24.00,15.00,13.00,10.00,1.00,9.00,15.00,60.00,6.00,150.00,44.00,29.30,81.00,58.00,11.00,26.00,11.00,0.00,15.00,28.00,54.00,52.00,70.00,3.00,591.00,64.00,293.00,276.00,66.00,7.00,570.00,3.00,5.00,60.00,3.00,0.00,317.00,1566.00,728.00,11.00,8.00,0.00,4.00,5.00,335.00,317.00,94.60,8.00,1.00,0.00,0.00,16.00,3.00,0.00,15.00,0.00,0.00,1.00,92.00,31.00,19.00,62.00,1004.00
Wesley Fofana,0.2274667,0.2685547,0.811305816,0.92572196,fr FRA,CB,Leicester City,19.00,2000.00,25.10,0.00,11.00,2.00,18.20,0.44,0.08,0.00,0.00,8.80,0.00,0.00,0.00,1.00,1.00,0.09,-1.00,-1.00,1474.00,1672.00,88.20,31056.00,8308.00,456.00,498.00,91.60,755.00,816.00,92.50,252.00,333.00,75.70,0.00,0.30,-0.30,6.00,112.00,1.00,0.00,78.00,1587.00,85.00,38.00,2.00,146.00,38.00,1.00,0.00,0.00,0.00,0.00,1338.00,133.00,201.00,129.00,1398.00,53.00,47.00,2.00,2.00,26.00,19.00,10.00,18.00,0.72,14.00,0.00,0.00,1.00,2.00,1.00,1.00,0.04,0.00,0.00,0.00,0.00,1.00,0.00,63.00,41.00,38.00,24.00,1.00,18.00,35.00,51.40,17.00,248.00,83.00,33.50,139.00,101.00,8.00,47.00,21.00,0.00,26.00,51.00,98.00,114.00,125.00,0.00,1980.00,214.00,906.00,1140.00,108.00,18.00,1903.00,13.00,17.00,76.50,13.00,0.00,1323.00,9196.00,5208.00,171.00,38.00,0.00,17.00,12.00,1357.00,1313.00,96.80,5.00,7.00,0.00,0.00,44.00,34.00,2.00,1.00,1.00,1.00,0.00,279.00,94.00,56.00,62.70,2262.00
Jannik Vestergaard,0.799647,0.2622326,0.49286808,0.80975119,dk DEN,CB,Southampton,27.00,1992.00,28.60,3.00,21.00,8.00,38.10,0.73,0.28,0.14,0.38,10.30,0.00,0.00,0.00,2.10,2.10,0.10,0.90,0.90,1444.00,1712.00,84.30,29904.00,10850.00,502.00,542.00,92.60,734.00,825.00,89.00,201.00,321.00,62.60,0.00,0.60,-0.60,7.00,98.00,9.00,0.00,73.00,1670.00,42.00,38.00,3.00,249.00,49.00,2.00,0.00,0.00,0.00,0.00,1245.00,122.00,345.00,334.00,1214.00,104.00,2.00,7.00,5.00,24.00,32.00,19.00,20.00,0.70,17.00,0.00,0.00,2.00,1.00,0.00,4.00,0.14,2.00,0.00,0.00,1.00,1.00,0.00,61.00,37.00,41.00,17.00,3.00,31.00,54.00,57.40,23.00,215.00,86.00,40.00,143.00,62.00,10.00,38.00,19.00,0.00,19.00,38.00,76.00,99.00,159.00,0.00,2026.00,280.00,1082.00,977.00,103.00,45.00,1986.00,12.00,17.00,70.60,13.00,1.00,1198.00,6948.00,3848.00,109.00,20.00,0.00,8.00,5.00,1394.00,1359.00,97.50,4.00,3.00,1.00,0.00,22.00,12.00,0.00,2.00,1.00,0.00,0.00,309.00,108.00,46.00,70.10,2574.00
Max Kilman,0.392793,0.2612735,0.394153197,0.6897567,eng ENG,CB,Wolves,23.00,1997.00,14.60,0.00,6.00,2.00,33.30,0.41,0.14,0.00,0.00,11.50,0.00,0.00,0.00,0.40,0.40,0.07,-0.40,-0.40,648.00,731.00,88.60,12284.00,4172.00,245.00,258.00,95.00,337.00,361.00,93.40,62.00,104.00,59.60,1.00,0.50,0.50,4.00,52.00,2.00,0.00,40.00,710.00,21.00,11.00,3.00,41.00,11.00,0.00,0.00,0.00,0.00,0.00,573.00,65.00,93.00,577.00,104.00,27.00,10.00,3.00,1.00,12.00,4.00,6.00,7.00,0.48,5.00,0.00,0.00,0.00,0.00,2.00,1.00,0.07,1.00,0.00,0.00,0.00,0.00,0.00,27.00,20.00,21.00,3.00,3.00,10.00,20.00,50.00,10.00,148.00,44.00,29.70,105.00,36.00,7.00,20.00,9.00,0.00,11.00,18.00,38.00,45.00,58.00,0.00,865.00,84.00,419.00,465.00,39.00,10.00,845.00,3.00,4.00,75.00,3.00,0.00,553.00,2854.00,1569.00,36.00,7.00,0.00,3.00,3.00,621.00,607.00,97.70,2.00,4.00,0.00,0.00,21.00,5.00,1.00,0.00,0.00,1.00,0.00,100.00,23.00,23.00,50.00,1310.00
Adam Webster,0.4590709,0.2602072,1.000001259,0.84781125,eng ENG,CB,Brighton,25.00,1995.00,28.80,1.00,24.00,6.00,25.00,0.83,0.21,0.04,0.17,12.70,0.00,0.00,0.00,1.20,1.20,0.05,-0.20,-0.20,1484.00,1794.00,82.70,32506.00,11319.00,406.00,468.00,86.80,799.00,889.00,89.90,269.00,400.00,67.30,0.00,0.20,-0.20,6.00,132.00,7.00,1.00,110.00,1741.00,53.00,29.00,1.00,239.00,50.00,2.00,0.00,0.00,0.00,0.00,1302.00,157.00,335.00,414.00,1188.00,114.00,24.00,2.00,2.00,35.00,28.00,29.00,20.00,0.69,18.00,0.00,0.00,1.00,1.00,0.00,1.00,0.03,1.00,0.00,0.00,0.00,0.00,0.00,30.00,21.00,18.00,10.00,2.00,14.00,32.00,43.80,18.00,214.00,87.00,40.70,97.00,93.00,24.00,51.00,21.00,1.00,30.00,40.00,91.00,70.00,123.00,0.00,2075.00,235.00,1101.00,1001.00,194.00,33.00,2025.00,7.00,11.00,63.60,9.00,0.00,1352.00,9691.00,6347.00,162.00,55.00,2.00,16.00,14.00,1476.00,1444.00,97.80,4.00,4.00,0.00,0.00,25.00,19.00,1.00,2.00,0.00,0.00,0.00,320.00,90.00,50.00,64.30,2594.00
Nathaniel Phillips,0.3766298,0.2549763,0.519854187,0.90352947,eng ENG,CB,Liverpool,23.00,1997.00,16.20,1.00,13.00,1.00,7.70,0.80,0.06,0.08,1.00,9.40,0.00,0.00,0.00,1.10,1.10,0.09,-0.10,-0.10,923.00,1058.00,87.20,19944.00,6161.00,265.00,289.00,91.70,492.00,523.00,94.10,159.00,231.00,68.80,1.00,0.40,0.60,6.00,79.00,2.00,0.00,60.00,1032.00,26.00,18.00,1.00,123.00,25.00,2.00,0.00,0.00,0.00,0.00,761.00,105.00,192.00,94.00,849.00,59.00,8.00,6.00,1.00,16.00,14.00,9.00,11.00,0.68,10.00,0.00,0.00,1.00,0.00,0.00,1.00,0.06,0.00,0.00,0.00,1.00,0.00,0.00,18.00,12.00,13.00,5.00,0.00,4.00,23.00,17.40,19.00,193.00,69.00,35.80,89.00,96.00,8.00,23.00,16.00,2.00,7.00,29.00,52.00,47.00,143.00,0.00,1284.00,157.00,628.00,645.00,57.00,20.00,1262.00,1.00,1.00,100.00,1.00,0.00,776.00,4044.00,1869.00,47.00,7.00,1.00,6.00,2.00,862.00,842.00,97.70,3.00,2.00,0.00,0.00,26.00,12.00,0.00,2.00,0.00,0.00,0.00,184.00,103.00,39.00,72.50,1456.00
Andreas Christensen,0.15992,0.2521028,0.57248586,0.76691359,dk DEN,CB,Chelsea,24.00,1996.00,15.20,0.00,3.00,0.00,0.00,0.20,0.00,0.00,,11.10,0.00,0.00,0.00,0.10,0.10,0.03,-0.10,-0.10,1011.00,1089.00,92.80,21334.00,5754.00,295.00,316.00,93.40,551.00,578.00,95.30,158.00,183.00,86.30,0.00,0.40,-0.40,6.00,44.00,3.00,0.00,46.00,1064.00,25.00,20.00,0.00,82.00,14.00,1.00,0.00,0.00,0.00,0.00,934.00,54.00,101.00,74.00,957.00,37.00,4.00,2.00,3.00,6.00,11.00,6.00,9.00,0.59,9.00,0.00,0.00,0.00,0.00,0.00,1.00,0.07,1.00,0.00,0.00,0.00,0.00,0.00,20.00,12.00,14.00,4.00,2.00,5.00,11.00,45.50,6.00,103.00,38.00,36.90,56.00,38.00,9.00,26.00,15.00,0.00,11.00,26.00,52.00,46.00,80.00,1.00,1245.00,181.00,698.00,595.00,34.00,7.00,1221.00,1.00,2.00,50.00,2.00,0.00,833.00,4172.00,2385.00,54.00,10.00,0.00,2.00,3.00,930.00,916.00,98.50,1.00,2.00,1.00,0.00,12.00,10.00,0.00,1.00,0.00,0.00,0.00,131.00,45.00,22.00,67.20,1371.00
RÃºben Dias,0.5403685,0.2492863,0.932629978,0.62880735,pt POR,CB,Manchester City,23.00,1997.00,31.60,1.00,14.00,7.00,50.00,0.44,0.22,0.07,0.14,7.50,0.00,0.00,0.00,2.40,2.40,0.17,-1.40,-1.40,2499.00,2672.00,93.50,54265.00,14607.00,617.00,647.00,95.40,1427.00,1471.00,97.00,439.00,520.00,84.40,0.00,0.10,-0.10,3.00,166.00,9.00,1.00,116.00,2620.00,52.00,49.00,1.00,196.00,59.00,2.00,0.00,0.00,0.00,0.00,2283.00,146.00,243.00,421.00,2126.00,80.00,3.00,5.00,6.00,21.00,21.00,12.00,21.00,0.66,19.00,0.00,0.00,1.00,1.00,0.00,2.00,0.06,1.00,0.00,0.00,1.00,0.00,0.00,31.00,21.00,17.00,12.00,2.00,6.00,23.00,26.10,17.00,181.00,67.00,37.00,92.00,70.00,19.00,45.00,25.00,0.00,20.00,22.00,67.00,53.00,118.00,0.00,2921.00,285.00,1195.00,1891.00,71.00,28.00,2875.00,3.00,6.00,50.00,3.00,0.00,2153.00,13321.00,8057.00,230.00,17.00,0.00,7.00,5.00,2408.00,2367.00,98.30,11.00,4.00,0.00,0.00,26.00,23.00,1.00,2.00,0.00,2.00,1.00,272.00,60.00,28.00,68.20,2843.00
Romain SaÃ¯ss,0.9161944,0.2492663,0.534742879,0.70690741,ma MAR,CB,Wolves,30.00,1990.00,26.70,3.00,30.00,12.00,40.00,1.12,0.45,0.10,0.25,12.50,2.00,0.00,0.00,3.50,3.50,0.12,-0.50,-0.50,1157.00,1411.00,82.00,25009.00,10518.00,344.00,370.00,93.00,582.00,657.00,88.60,216.00,345.00,62.60,0.00,0.30,-0.30,6.00,106.00,8.00,3.00,106.00,1339.00,72.00,25.00,0.00,132.00,38.00,17.00,0.00,0.00,0.00,0.00,934.00,205.00,272.00,1129.00,137.00,68.00,47.00,2.00,2.00,25.00,25.00,26.00,16.00,0.60,13.00,1.00,1.00,1.00,0.00,0.00,1.00,0.04,1.00,0.00,0.00,0.00,0.00,0.00,37.00,18.00,25.00,12.00,0.00,7.00,22.00,31.80,15.00,259.00,78.00,30.10,167.00,87.00,5.00,43.00,16.00,3.00,27.00,39.00,82.00,76.00,165.00,2.00,1740.00,210.00,882.00,786.00,158.00,36.00,1668.00,8.00,14.00,57.10,8.00,0.00,940.00,4782.00,2792.00,70.00,14.00,0.00,8.00,3.00,1179.00,1136.00,96.40,13.00,2.00,0.00,0.00,33.00,12.00,1.00,17.00,0.00,2.00,0.00,219.00,89.00,53.00,62.70,2407.00
Lewis Dunk,0.7499293,0.24602313,0.474715612,0.83011599,eng ENG,CB,Brighton,28.00,1991.00,32.60,5.00,30.00,13.00,43.30,0.92,0.40,0.17,0.38,12.30,2.00,0.00,0.00,2.50,2.50,0.08,2.50,2.50,1935.00,2151.00,90.00,45296.00,12437.00,477.00,505.00,94.50,1000.00,1051.00,95.10,442.00,570.00,77.50,0.00,0.90,-0.90,9.00,116.00,2.00,0.00,70.00,2073.00,78.00,67.00,1.00,163.00,71.00,1.00,0.00,0.00,0.00,0.00,1630.00,196.00,325.00,134.00,1843.00,104.00,11.00,26.00,3.00,29.00,21.00,11.00,19.00,0.58,14.00,1.00,0.00,4.00,0.00,0.00,0.00,0.00,0.00,0.00,0.00,0.00,0.00,0.00,34.00,19.00,22.00,10.00,2.00,12.00,23.00,52.20,11.00,188.00,70.00,37.20,99.00,76.00,13.00,40.00,24.00,1.00,16.00,29.00,69.00,63.00,126.00,2.00,2413.00,402.00,1443.00,978.00,117.00,46.00,2339.00,5.00,6.00,83.30,6.00,0.00,1570.00,8505.00,4228.00,88.00,21.00,0.00,6.00,2.00,1710.00,1678.00,98.10,9.00,5.00,2.00,0.00,20.00,21.00,2.00,1.00,0.00,0.00,1.00,408.00,69.00,40.00,63.30,2931.00
John Stones,0.9134505,0.2444293,0.989351466,0.63202089,eng ENG,CB,Manchester City,26.00,1994.00,21.50,4.00,15.00,5.00,33.30,0.70,0.23,0.27,0.80,12.80,0.00,0.00,0.00,2.20,2.20,0.15,1.80,1.80,1615.00,1713.00,94.30,31552.00,7992.00,594.00,620.00,95.80,796.00,822.00,96.80,210.00,245.00,85.70,0.00,0.10,-0.10,2.00,113.00,4.00,0.00,75.00,1689.00,24.00,15.00,1.00,154.00,34.00,1.00,0.00,0.00,0.00,0.00,1499.00,92.00,122.00,216.00,1419.00,43.00,8.00,3.00,0.00,14.00,9.00,10.00,14.00,0.65,12.00,0.00,0.00,0.00,2.00,0.00,1.00,0.05,1.00,0.00,0.00,0.00,0.00,0.00,20.00,12.00,13.00,5.00,2.00,7.00,14.00,50.00,7.00,130.00,51.00,39.20,67.00,54.00,9.00,31.00,14.00,0.00,17.00,20.00,51.00,40.00,77.00,0.00,1878.00,179.00,718.00,1170.00,124.00,17.00,1856.00,9.00,11.00,81.80,10.00,1.00,1412.00,9865.00,5688.00,203.00,33.00,0.00,4.00,1.00,1554.00,1524.00,98.10,6.00,0.00,1.00,0.00,6.00,14.00,1.00,1.00,0.00,0.00,0.00,177.00,46.00,15.00,75.40,1933.00
Kevin Long,-3.00E-06,0.235472,0.083176303,0.88331272,ie IRL,CB,Burnley,29.00,1990.00,7.10,0.00,2.00,0.00,0.00,0.28,0.00,0.00,,8.30,0.00,0.00,0.00,0.30,0.30,0.15,-0.30,-0.30,181.00,255.00,71.00,4324.00,1387.00,41.00,50.00,82.00,91.00,116.00,78.40,46.00,80.00,57.50,0.00,0.00,0.00,0.00,9.00,2.00,0.00,15.00,251.00,4.00,3.00,0.00,35.00,12.00,1.00,0.00,0.00,0.00,0.00,145.00,19.00,91.00,14.00,189.00,35.00,1.00,0.00,0.00,8.00,2.00,5.00,0.00,0.00,0.00,0.00,0.00,0.00,0.00,0.00,0.00,0.00,0.00,0.00,0.00,0.00,0.00,0.00,14.00,8.00,10.00,4.00,0.00,5.00,8.00,62.50,3.00,53.00,20.00,37.70,34.00,18.00,1.00,9.00,5.00,0.00,4.00,4.00,13.00,18.00,31.00,0.00,315.00,42.00,175.00,135.00,10.00,7.00,311.00,0.00,0.00,,0.00,0.00,146.00,473.00,161.00,1.00,0.00,0.00,1.00,0.00,169.00,161.00,95.30,1.00,2.00,0.00,0.00,10.00,3.00,0.00,1.00,0.00,0.00,0.00,88.00,22.00,21.00,51.20,637.00
Daniel Amartey,0.562035,0.2337215,0.352150364,0.94528038,gh GHA,CB,Leicester City,25.00,1994.00,8.00,1.00,3.00,1.00,33.30,0.37,0.12,0.33,1.00,10.80,0.00,0.00,0.00,0.40,0.40,0.13,0.60,0.60,400.00,466.00,85.80,7606.00,2362.00,136.00,146.00,93.20,212.00,240.00,88.30,45.00,62.00,72.60,0.00,0.00,0.00,0.00,19.00,1.00,0.00,25.00,433.00,33.00,1.00,0.00,47.00,3.00,0.00,0.00,0.00,0.00,0.00,341.00,59.00,66.00,36.00,362.00,21.00,32.00,2.00,2.00,0.00,7.00,10.00,5.00,0.62,5.00,0.00,0.00,0.00,0.00,0.00,0.00,0.00,0.00,0.00,0.00,0.00,0.00,0.00,12.00,6.00,7.00,3.00,2.00,7.00,12.00,58.30,5.00,62.00,24.00,38.70,37.00,22.00,3.00,19.00,5.00,1.00,14.00,12.00,31.00,24.00,42.00,0.00,562.00,68.00,306.00,250.00,38.00,7.00,530.00,1.00,5.00,20.00,1.00,0.00,336.00,1329.00,732.00,13.00,5.00,0.00,4.00,3.00,360.00,343.00,95.30,1.00,3.00,0.00,0.00,3.00,1.00,0.00,0.00,0.00,0.00,0.00,94.00,21.00,15.00,58.30,722.00
Jamaal Lascelles,0.499426,0.230756,0.139128492,0.68476784,eng ENG,CB,Newcastle Utd,26.00,1993.00,18.10,2.00,15.00,3.00,20.00,0.83,0.17,0.13,0.67,9.50,0.00,0.00,0.00,1.00,1.00,0.07,1.00,1.00,487.00,599.00,81.30,10618.00,3333.00,130.00,146.00,89.00,274.00,300.00,91.30,79.00,141.00,56.00,0.00,0.00,0.00,1.00,30.00,5.00,0.00,32.00,583.00,16.00,16.00,1.00,76.00,10.00,1.00,0.00,0.00,0.00,0.00,399.00,54.00,146.00,91.00,438.00,45.00,0.00,2.00,1.00,5.00,13.00,5.00,4.00,0.22,4.00,0.00,0.00,0.00,0.00,0.00,0.00,0.00,0.00,0.00,0.00,0.00,0.00,0.00,19.00,12.00,11.00,6.00,2.00,4.00,6.00,66.70,2.00,148.00,53.00,35.80,89.00,52.00,7.00,39.00,18.00,2.00,21.00,15.00,54.00,34.00,108.00,1.00,806.00,180.00,544.00,246.00,36.00,17.00,790.00,2.00,3.00,66.70,2.00,0.00,404.00,1765.00,687.00,14.00,0.00,0.00,2.00,1.00,474.00,454.00,95.80,3.00,4.00,0.00,0.00,20.00,9.00,0.00,1.00,0.00,0.00,0.00,142.00,53.00,20.00,72.60,1625.00
Liam Cooper,0.7805008,0.2162344,0.519163011,1.000001665,sct SCO,CB,Leeds United,28.00,1991.00,24.30,1.00,15.00,8.00,53.30,0.62,0.33,0.07,0.13,8.70,0.00,0.00,0.00,1.30,1.30,0.08,-0.30,-0.30,1363.00,1555.00,87.70,31575.00,9368.00,291.00,312.00,93.30,784.00,821.00,95.50,285.00,407.00,70.00,0.00,0.00,0.00,0.00,78.00,3.00,0.00,67.00,1514.00,41.00,38.00,1.00,124.00,53.00,0.00,0.00,0.00,0.00,0.00,1148.00,149.00,258.00,1257.00,154.00,84.00,3.00,4.00,6.00,26.00,16.00,9.00,14.00,0.58,9.00,0.00,0.00,3.00,0.00,2.00,2.00,0.08,2.00,0.00,0.00,0.00,0.00,0.00,76.00,47.00,48.00,27.00,1.00,34.00,58.00,58.60,24.00,291.00,115.00,39.50,181.00,102.00,8.00,45.00,31.00,0.00,14.00,53.00,98.00,129.00,123.00,1.00,1864.00,273.00,1144.00,775.00,52.00,21.00,1829.00,3.00,3.00,100.00,3.00,0.00,1106.00,6472.00,3447.00,57.00,9.00,0.00,5.00,6.00,1212.00,1195.00,98.60,1.00,4.00,1.00,0.00,26.00,28.00,1.00,0.00,0.00,0.00,0.00,305.00,103.00,53.00,66.00,2185.00
Eric Dier,0.1341704,0.2142769,0.612473348,0.72267397,eng ENG,CB,Tottenham,26.00,1994.00,28.00,0.00,14.00,2.00,14.30,0.50,0.07,0.00,0.00,21.50,8.00,0.00,0.00,0.90,0.90,0.06,-0.90,-0.90,1400.00,1654.00,84.60,31629.00,10688.00,393.00,433.00,90.80,711.00,766.00,92.80,289.00,429.00,67.40,0.00,0.10,-0.10,3.00,72.00,5.00,0.00,62.00,1610.00,44.00,41.00,0.00,154.00,59.00,4.00,0.00,0.00,0.00,0.00,1201.00,129.00,324.00,244.00,1273.00,85.00,3.00,3.00,2.00,20.00,20.00,20.00,16.00,0.57,14.00,0.00,0.00,1.00,0.00,1.00,0.00,0.00,0.00,0.00,0.00,0.00,0.00,0.00,24.00,15.00,13.00,10.00,1.00,12.00,22.00,54.50,10.00,166.00,48.00,28.90,106.00,52.00,8.00,50.00,34.00,0.00,16.00,23.00,73.00,47.00,169.00,0.00,1942.00,365.00,1172.00,835.00,60.00,21.00,1891.00,3.00,5.00,60.00,4.00,0.00,1192.00,6480.00,3828.00,66.00,11.00,2.00,4.00,2.00,1362.00,1338.00,98.20,5.00,3.00,0.00,0.00,16.00,14.00,0.00,4.00,0.00,2.00,0.00,269.00,90.00,48.00,65.20,2520.00
ÃaÄlar SÃ¶yÃ¼ncÃ¼,0.2788566,0.2061532,0.882730322,0.68586193,tr TUR,CB,Leicester City,24.00,1996.00,20.20,1.00,9.00,3.00,33.30,0.45,0.15,0.11,0.33,10.20,0.00,0.00,0.00,0.50,0.50,0.06,0.50,0.50,1202.00,1351.00,89.00,22877.00,6879.00,436.00,468.00,93.20,639.00,683.00,93.60,115.00,179.00,64.20,0.00,0.20,-0.20,4.00,74.00,5.00,3.00,72.00,1293.00,58.00,27.00,0.00,93.00,34.00,8.00,0.00,0.00,0.00,0.00,1064.00,103.00,184.00,413.00,816.00,60.00,31.00,5.00,0.00,20.00,18.00,8.00,10.00,0.49,6.00,1.00,1.00,1.00,0.00,1.00,0.00,0.00,0.00,0.00,0.00,0.00,0.00,0.00,31.00,16.00,14.00,17.00,0.00,10.00,31.00,32.30,21.00,166.00,55.00,33.10,93.00,64.00,9.00,22.00,10.00,0.00,12.00,27.00,49.00,58.00,109.00,2.00,1564.00,164.00,748.00,859.00,76.00,23.00,1509.00,7.00,9.00,77.80,7.00,1.00,999.00,6625.00,3648.00,96.00,27.00,0.00,5.00,5.00,1136.00,1115.00,98.20,0.00,2.00,0.00,0.00,20.00,16.00,0.00,8.00,0.00,0.00,0.00,186.00,62.00,37.00,62.60,1819.00
Mohammed Salisu,0.200325,0.1999365,0.279796,0.99999848,gh GHA,CB,Southampton,21.00,1999.00,9.40,0.00,4.00,1.00,25.00,0.43,0.11,0.00,0.00,11.40,0.00,0.00,0.00,0.40,0.40,0.10,-0.40,-0.40,310.00,376.00,82.40,5129.00,1850.00,153.00,168.00,91.10,126.00,148.00,85.10,24.00,40.00,60.00,0.00,0.00,0.00,1.00,16.00,0.00,0.00,18.00,352.00,24.00,3.00,0.00,75.00,4.00,2.00,0.00,0.00,0.00,0.00,268.00,50.00,58.00,272.00,51.00,15.00,21.00,1.00,0.00,7.00,8.00,13.00,5.00,0.53,4.00,0.00,0.00,1.00,0.00,0.00,0.00,0.00,0.00,0.00,0.00,0.00,0.00,0.00,32.00,19.00,22.00,9.00,1.00,13.00,27.00,48.10,14.00,149.00,61.00,40.90,75.00,63.00,11.00,25.00,5.00,0.00,20.00,26.00,51.00,58.00,38.00,0.00,509.00,61.00,219.00,266.00,48.00,7.00,487.00,9.00,10.00,90.00,9.00,0.00,283.00,1366.00,547.00,24.00,8.00,0.00,6.00,13.00,291.00,278.00,95.50,3.00,1.00,0.00,0.00,12.00,4.00,0.00,2.00,0.00,0.00,0.00,75.00,26.00,18.00,59.10,844.00
John Egan,0.2600206,0.1996864,0.38429339,0.76552618,ie IRL,CB,Sheffield Utd,27.00,1992.00,29.20,0.00,14.00,3.00,21.40,0.48,0.10,0.00,0.00,9.80,0.00,0.00,0.00,0.70,0.70,0.05,-0.70,-0.70,925.00,1094.00,84.60,21851.00,6700.00,231.00,253.00,91.30,480.00,526.00,91.30,209.00,301.00,69.40,1.00,0.30,0.70,3.00,81.00,7.00,1.00,58.00,1070.00,24.00,21.00,1.00,112.00,29.00,2.00,0.00,0.00,0.00,0.00,734.00,98.00,262.00,140.00,827.00,75.00,3.00,8.00,3.00,27.00,8.00,8.00,13.00,0.45,12.00,0.00,0.00,0.00,0.00,1.00,1.00,0.03,1.00,0.00,0.00,0.00,0.00,0.00,47.00,30.00,34.00,12.00,1.00,17.00,34.00,50.00,17.00,247.00,81.00,32.80,155.00,87.00,5.00,56.00,33.00,1.00,23.00,41.00,97.00,88.00,160.00,1.00,1406.00,231.00,793.00,661.00,53.00,26.00,1382.00,2.00,2.00,100.00,2.00,0.00,711.00,5096.00,3070.00,70.00,7.00,0.00,4.00,1.00,827.00,793.00,95.90,2.00,7.00,1.00,0.00,33.00,10.00,0.00,2.00,0.00,0.00,0.00,259.00,86.00,57.00,60.10,2629.00
Willy Boly,0.3638344,0.197571,0.225711962,0.67500522,ci CIV,CB,Wolves,29.00,1991.00,20.90,1.00,14.00,3.00,21.40,0.67,0.14,0.07,0.33,12.10,0.00,0.00,0.00,1.10,1.10,0.08,-0.10,-0.10,830.00,1003.00,82.80,16279.00,5637.00,277.00,312.00,88.80,436.00,485.00,89.90,108.00,186.00,58.10,1.00,0.40,0.60,3.00,47.00,1.00,0.00,40.00,981.00,22.00,20.00,0.00,108.00,11.00,0.00,0.00,0.00,0.00,0.00,730.00,99.00,174.00,110.00,798.00,57.00,2.00,2.00,1.00,12.00,13.00,11.00,11.00,0.53,9.00,0.00,0.00,2.00,0.00,0.00,1.00,0.05,1.00,0.00,0.00,0.00,0.00,0.00,41.00,26.00,33.00,7.00,1.00,14.00,30.00,46.70,16.00,160.00,55.00,34.40,109.00,45.00,6.00,27.00,13.00,0.00,14.00,23.00,50.00,64.00,104.00,0.00,1219.00,133.00,612.00,618.00,45.00,19.00,1197.00,5.00,5.00,100.00,5.00,0.00,716.00,3131.00,1274.00,35.00,7.00,0.00,3.00,6.00,834.00,799.00,95.80,3.00,2.00,0.00,0.00,15.00,11.00,0.00,0.00,0.00,1.00,0.00,180.00,65.00,22.00,74.70,1879.00
Pascal Struijk,0.4959522,0.1951752,0.467226762,0.9129868,nl NED,CB,Leeds United,20.00,1999.00,23.10,1.00,14.00,4.00,28.60,0.61,0.17,0.07,0.25,9.00,0.00,0.00,0.00,2.40,2.40,0.17,-1.40,-1.40,1097.00,1259.00,87.10,24438.00,6594.00,275.00,306.00,89.90,616.00,660.00,93.30,196.00,272.00,72.10,0.00,0.20,-0.20,5.00,48.00,2.00,0.00,47.00,1220.00,39.00,34.00,0.00,103.00,38.00,1.00,2.00,0.00,0.00,2.00,956.00,104.00,199.00,943.00,215.00,70.00,3.00,3.00,1.00,24.00,18.00,11.00,12.00,0.52,11.00,0.00,0.00,1.00,0.00,0.00,2.00,0.09,2.00,0.00,0.00,0.00,0.00,0.00,56.00,29.00,37.00,18.00,1.00,14.00,29.00,48.30,15.00,382.00,118.00,30.90,204.00,155.00,23.00,52.00,23.00,0.00,29.00,41.00,93.00,97.00,102.00,1.00,1542.00,243.00,933.00,622.00,82.00,20.00,1503.00,4.00,5.00,80.00,4.00,1.00,838.00,5118.00,2946.00,28.00,5.00,0.00,5.00,9.00,1036.00,991.00,95.70,12.00,3.00,0.00,0.00,29.00,7.00,0.00,1.00,0.00,1.00,0.00,228.00,51.00,45.00,53.10,2075.00
Tosin Adarabioyo,0.3459868,0.1942864,0.38503211,0.68861321,eng ENG,CB,Fulham,22.00,1997.00,32.80,0.00,20.00,5.00,25.00,0.61,0.15,0.00,0.00,8.80,0.00,0.00,0.00,1.10,1.10,0.05,-1.10,-1.10,1594.00,1824.00,87.40,37337.00,11928.00,304.00,340.00,89.40,934.00,985.00,94.80,346.00,470.00,73.60,0.00,0.40,-0.40,5.00,68.00,5.00,1.00,73.00,1775.00,49.00,42.00,2.00,175.00,49.00,3.00,0.00,0.00,0.00,0.00,1409.00,128.00,287.00,248.00,1442.00,81.00,7.00,3.00,3.00,32.00,21.00,16.00,17.00,0.52,16.00,0.00,0.00,1.00,0.00,0.00,1.00,0.03,1.00,0.00,0.00,0.00,0.00,0.00,41.00,26.00,31.00,9.00,1.00,20.00,38.00,52.60,18.00,182.00,59.00,32.40,115.00,60.00,7.00,38.00,23.00,0.00,15.00,55.00,93.00,96.00,241.00,1.00,2221.00,462.00,1338.00,920.00,73.00,34.00,2172.00,8.00,11.00,72.70,9.00,0.00,1324.00,6173.00,3455.00,50.00,6.00,0.00,5.00,8.00,1531.00,1491.00,97.40,5.00,1.00,0.00,0.00,19.00,6.00,2.00,3.00,0.00,1.00,1.00,278.00,100.00,39.00,71.90,2953.00
Victor LindelÃ¶f,0.2121326,0.19132013,0.641754587,0.69428541,se SWE,CB,Manchester Utd,26.00,1994.00,28.70,1.00,4.00,1.00,25.00,0.14,0.03,0.25,1.00,5.90,0.00,0.00,0.00,0.70,0.70,0.17,0.30,0.30,1640.00,1800.00,91.10,32452.00,10570.00,539.00,571.00,94.40,895.00,933.00,95.90,191.00,264.00,72.30,1.00,0.70,0.30,6.00,99.00,6.00,0.00,92.00,1748.00,52.00,38.00,2.00,158.00,19.00,1.00,0.00,0.00,0.00,0.00,1497.00,130.00,173.00,271.00,1409.00,63.00,14.00,8.00,1.00,15.00,21.00,16.00,9.00,0.31,9.00,0.00,0.00,0.00,0.00,0.00,1.00,0.03,1.00,0.00,0.00,0.00,0.00,0.00,26.00,16.00,17.00,9.00,0.00,12.00,21.00,57.10,9.00,192.00,67.00,34.90,117.00,67.00,8.00,40.00,17.00,0.00,23.00,32.00,72.00,58.00,132.00,2.00,2036.00,331.00,1121.00,963.00,89.00,10.00,1987.00,2.00,4.00,50.00,2.00,0.00,1310.00,9111.00,5041.00,113.00,24.00,0.00,2.00,6.00,1485.00,1464.00,98.60,3.00,0.00,0.00,0.00,28.00,10.00,1.00,1.00,0.00,1.00,0.00,265.00,69.00,36.00,65.70,2585.00
Jonny Evans,0.558821,0.1910595,0.434350272,0.87957616,nir NIR,CB,Leicester City,32.00,1988.00,27.50,2.00,8.00,3.00,37.50,0.29,0.11,0.25,0.67,7.60,0.00,0.00,0.00,1.70,1.70,0.21,0.30,0.30,1544.00,1764.00,87.50,33869.00,10330.00,383.00,415.00,92.30,873.00,927.00,94.20,277.00,402.00,68.90,2.00,0.30,1.70,8.00,92.00,3.00,0.00,63.00,1723.00,41.00,37.00,0.00,201.00,32.00,2.00,0.00,0.00,0.00,0.00,1285.00,155.00,324.00,629.00,984.00,97.00,4.00,3.00,2.00,28.00,30.00,7.00,14.00,0.51,14.00,0.00,0.00,0.00,0.00,0.00,4.00,0.15,4.00,0.00,0.00,0.00,0.00,0.00,21.00,12.00,17.00,3.00,1.00,10.00,21.00,47.60,11.00,168.00,66.00,39.30,112.00,53.00,3.00,27.00,6.00,0.00,21.00,41.00,68.00,62.00,146.00,0.00,2008.00,298.00,1123.00,936.00,54.00,18.00,1969.00,6.00,6.00,100.00,6.00,0.00,1286.00,6416.00,3264.00,53.00,6.00,0.00,5.00,6.00,1383.00,1351.00,97.70,4.00,7.00,0.00,0.00,21.00,15.00,1.00,2.00,0.00,0.00,1.00,354.00,93.00,38.00,71.00,2473.00
Nathan AkÃ©,0.7159772,0.1882024,0.999999,0.6739572,nl NED,CB,Manchester City,25.00,1995.00,8.90,1.00,3.00,1.00,33.30,0.34,0.11,0.33,1.00,16.00,0.00,0.00,0.00,0.10,0.10,0.04,0.90,0.90,702.00,755.00,93.00,12873.00,3534.00,289.00,299.00,96.70,349.00,372.00,93.80,60.00,73.00,82.20,0.00,0.00,0.00,1.00,60.00,2.00,0.00,36.00,730.00,25.00,13.00,0.00,44.00,10.00,0.00,0.00,0.00,0.00,0.00,659.00,32.00,64.00,583.00,116.00,21.00,11.00,3.00,0.00,3.00,7.00,7.00,3.00,0.34,2.00,0.00,0.00,0.00,1.00,0.00,0.00,0.00,0.00,0.00,0.00,0.00,0.00,0.00,15.00,6.00,7.00,6.00,2.00,4.00,5.00,80.00,1.00,73.00,25.00,34.20,35.00,30.00,8.00,6.00,2.00,0.00,4.00,6.00,12.00,21.00,26.00,0.00,821.00,42.00,222.00,583.00,83.00,5.00,796.00,0.00,0.00,,0.00,0.00,607.00,3010.00,1847.00,70.00,27.00,0.00,3.00,2.00,671.00,656.00,97.80,2.00,4.00,0.00,0.00,8.00,6.00,0.00,0.00,0.00,1.00,0.00,80.00,30.00,17.00,63.80,797.00
James Tomkins,-2.00E-06,0.1830902,0.123185286,0.52866255,eng ENG,CB,Crystal Palace,31.00,1989.00,6.10,0.00,2.00,0.00,0.00,0.33,0.00,0.00,,7.50,0.00,0.00,0.00,0.20,0.20,0.09,-0.20,-0.20,129.00,164.00,78.70,2909.00,907.00,32.00,36.00,88.90,67.00,72.00,93.10,29.00,52.00,55.80,0.00,0.10,-0.10,1.00,12.00,0.00,0.00,4.00,158.00,6.00,6.00,0.00,14.00,4.00,0.00,0.00,0.00,0.00,0.00,101.00,12.00,51.00,21.00,126.00,14.00,0.00,1.00,0.00,3.00,3.00,2.00,3.00,0.49,2.00,0.00,0.00,1.00,0.00,0.00,0.00,0.00,0.00,0.00,0.00,0.00,0.00,0.00,6.00,4.00,4.00,2.00,0.00,5.00,6.00,83.30,1.00,39.00,11.00,28.20,30.00,9.00,0.00,8.00,3.00,0.00,5.00,5.00,13.00,11.00,52.00,0.00,235.00,61.00,160.00,74.00,6.00,6.00,229.00,0.00,0.00,,0.00,0.00,99.00,367.00,207.00,4.00,0.00,0.00,0.00,0.00,120.00,113.00,94.20,1.00,1.00,0.00,0.00,4.00,1.00,0.00,0.00,0.00,1.00,0.00,41.00,14.00,10.00,58.30,553.00
Kurt Zouma,1.0000004,0.1829647,0.670957316,0.66963526,fr FRA,CB,Chelsea,25.00,1994.00,22.50,5.00,27.00,12.00,44.40,1.20,0.53,0.19,0.42,12.20,0.00,0.00,0.00,1.80,1.80,0.07,3.20,3.20,1580.00,1720.00,91.90,34007.00,8862.00,436.00,457.00,95.40,880.00,925.00,95.10,254.00,319.00,79.60,0.00,0.00,0.00,2.00,96.00,3.00,0.00,66.00,1690.00,30.00,26.00,0.00,149.00,64.00,0.00,0.00,0.00,0.00,0.00,1410.00,113.00,197.00,344.00,1251.00,64.00,4.00,5.00,2.00,19.00,10.00,5.00,11.00,0.49,8.00,0.00,0.00,3.00,0.00,0.00,0.00,0.00,0.00,0.00,0.00,0.00,0.00,0.00,21.00,13.00,12.00,7.00,2.00,6.00,11.00,54.50,5.00,109.00,40.00,36.70,52.00,53.00,4.00,23.00,12.00,0.00,11.00,26.00,49.00,47.00,129.00,2.00,1955.00,278.00,997.00,1029.00,75.00,31.00,1928.00,5.00,7.00,71.40,5.00,0.00,1339.00,7029.00,4108.00,97.00,22.00,0.00,4.00,7.00,1530.00,1505.00,98.40,5.00,3.00,0.00,0.00,21.00,8.00,0.00,0.00,0.00,0.00,0.00,210.00,97.00,34.00,74.00,2029.00
Federico FernÃ¡ndez,0.2439639,0.178568,0.144678888,0.63894672,ar ARG,CB,Newcastle Utd,31.00,1989.00,23.10,0.00,5.00,3.00,60.00,0.22,0.13,0.00,0.00,10.70,0.00,0.00,0.00,0.30,0.30,0.07,-0.30,-0.30,671.00,837.00,80.20,14632.00,4358.00,191.00,221.00,86.40,344.00,387.00,88.90,131.00,209.00,62.70,0.00,0.30,-0.30,5.00,19.00,3.00,2.00,19.00,767.00,70.00,31.00,0.00,63.00,32.00,10.00,0.00,0.00,0.00,0.00,558.00,98.00,181.00,36.00,682.00,60.00,39.00,5.00,4.00,17.00,15.00,15.00,11.00,0.48,9.00,2.00,0.00,0.00,0.00,0.00,0.00,0.00,0.00,0.00,0.00,0.00,0.00,0.00,35.00,17.00,26.00,7.00,2.00,14.00,25.00,56.00,11.00,183.00,51.00,27.90,129.00,47.00,7.00,51.00,32.00,0.00,19.00,17.00,68.00,52.00,166.00,1.00,1114.00,281.00,724.00,337.00,90.00,13.00,1046.00,0.00,0.00,,0.00,0.00,550.00,2272.00,914.00,10.00,4.00,0.00,3.00,4.00,620.00,595.00,96.00,6.00,4.00,0.00,0.00,16.00,15.00,0.00,10.00,0.00,1.00,1.00,158.00,46.00,36.00,56.10,2079.00
Rob Holding,0.3558205,0.1759128,0.555386367,0.68626846,eng ENG,CB,Arsenal,24.00,1995.00,28.40,0.00,14.00,2.00,14.30,0.49,0.07,0.00,0.00,12.20,0.00,0.00,0.00,1.10,1.10,0.08,-1.10,-1.10,1578.00,1768.00,89.30,35516.00,9876.00,393.00,412.00,95.40,861.00,919.00,93.70,319.00,423.00,75.40,1.00,0.20,0.80,4.00,120.00,6.00,0.00,101.00,1724.00,44.00,33.00,0.00,126.00,60.00,3.00,0.00,0.00,0.00,0.00,1405.00,120.00,243.00,197.00,1461.00,66.00,11.00,6.00,2.00,34.00,16.00,9.00,12.00,0.42,11.00,0.00,0.00,0.00,0.00,1.00,3.00,0.11,3.00,0.00,0.00,0.00,0.00,0.00,39.00,21.00,26.00,8.00,5.00,9.00,27.00,33.30,18.00,296.00,89.00,30.10,172.00,108.00,16.00,54.00,31.00,0.00,23.00,23.00,77.00,62.00,157.00,0.00,2069.00,325.00,1110.00,1024.00,75.00,20.00,2025.00,9.00,12.00,75.00,9.00,1.00,1418.00,7286.00,4317.00,105.00,8.00,0.00,3.00,8.00,1519.00,1479.00,97.40,1.00,2.00,0.00,0.00,31.00,6.00,2.00,3.00,0.00,0.00,1.00,248.00,70.00,55.00,56.00,2558.00
Ozan Kabak,-1.00E-06,0.1709182,0.410437152,0.84107597,tr TUR,CB,Liverpool,20.00,2000.00,8.90,0.00,1.00,0.00,0.00,0.11,0.00,0.00,,4.20,0.00,0.00,0.00,0.10,0.10,0.10,-0.10,-0.10,502.00,554.00,90.60,10365.00,2683.00,167.00,179.00,93.30,258.00,266.00,97.00,76.00,108.00,70.40,0.00,0.20,-0.20,1.00,16.00,0.00,0.00,15.00,542.00,12.00,11.00,0.00,70.00,18.00,0.00,0.00,0.00,0.00,0.00,451.00,48.00,55.00,75.00,447.00,14.00,1.00,1.00,2.00,11.00,3.00,0.00,1.00,0.11,1.00,0.00,0.00,0.00,0.00,0.00,0.00,0.00,0.00,0.00,0.00,0.00,0.00,0.00,19.00,10.00,12.00,4.00,3.00,2.00,7.00,28.60,5.00,103.00,41.00,39.80,58.00,40.00,5.00,5.00,3.00,0.00,2.00,12.00,17.00,31.00,49.00,1.00,645.00,87.00,340.00,332.00,11.00,5.00,634.00,5.00,8.00,62.50,5.00,0.00,437.00,2085.00,999.00,24.00,1.00,0.00,0.00,2.00,460.00,455.00,98.90,0.00,3.00,0.00,0.00,13.00,5.00,0.00,0.00,0.00,0.00,0.00,83.00,28.00,22.00,56.00,801.00
Semi Ajayi,0.4458236,0.1699581,0.671363468,0.77693505,ng NGA,CB,West Brom,26.00,1993.00,30.90,2.00,13.00,4.00,30.80,0.42,0.13,0.15,0.50,9.00,0.00,0.00,0.00,1.30,1.30,0.10,0.70,0.70,704.00,947.00,74.30,15524.00,6590.00,198.00,232.00,85.30,364.00,445.00,81.80,137.00,255.00,53.70,0.00,0.30,-0.30,5.00,67.00,4.00,0.00,64.00,887.00,60.00,11.00,1.00,120.00,29.00,6.00,0.00,0.00,0.00,0.00,572.00,111.00,264.00,48.00,728.00,71.00,49.00,3.00,7.00,28.00,29.00,12.00,14.00,0.45,11.00,0.00,2.00,1.00,0.00,0.00,3.00,0.10,2.00,0.00,0.00,1.00,0.00,0.00,58.00,42.00,44.00,12.00,2.00,18.00,36.00,50.00,18.00,341.00,133.00,39.00,222.00,102.00,17.00,61.00,35.00,3.00,26.00,41.00,102.00,99.00,148.00,3.00,1279.00,232.00,707.00,551.00,81.00,36.00,1220.00,12.00,18.00,66.70,13.00,1.00,610.00,3330.00,1761.00,29.00,10.00,0.00,11.00,13.00,691.00,627.00,90.70,6.00,3.00,1.00,0.00,31.00,8.00,1.00,6.00,0.00,2.00,0.00,263.00,85.00,46.00,64.90,2780.00
Gabriel Dos Santos,0.406602,0.1690821,0.861963484,0.67599192,br BRA,CB,Arsenal,22.00,1997.00,22.20,2.00,16.00,4.00,25.00,0.72,0.18,0.13,0.50,11.30,0.00,0.00,0.00,1.00,1.00,0.06,1.00,1.00,1283.00,1492.00,86.00,27010.00,7820.00,378.00,414.00,91.30,675.00,722.00,93.50,217.00,330.00,65.80,0.00,0.10,-0.10,2.00,82.00,3.00,2.00,53.00,1463.00,29.00,28.00,0.00,133.00,29.00,3.00,0.00,0.00,0.00,0.00,1170.00,122.00,200.00,1312.00,102.00,38.00,1.00,5.00,4.00,24.00,23.00,16.00,10.00,0.45,6.00,1.00,1.00,2.00,0.00,0.00,0.00,0.00,0.00,0.00,0.00,0.00,0.00,0.00,28.00,17.00,22.00,5.00,1.00,9.00,17.00,52.90,8.00,151.00,55.00,36.40,95.00,49.00,7.00,41.00,23.00,0.00,18.00,23.00,64.00,51.00,106.00,2.00,1726.00,261.00,926.00,862.00,59.00,25.00,1701.00,4.00,9.00,44.40,5.00,0.00,1223.00,7643.00,4366.00,111.00,6.00,2.00,3.00,4.00,1335.00,1305.00,97.80,9.00,4.00,1.00,1.00,22.00,29.00,0.00,3.00,0.00,1.00,0.00,177.00,69.00,45.00,60.50,1996.00
Tyrone Mings,0.4810052,0.15793474,0.438822598,0.8410027,eng ENG,CB,Aston Villa,27.00,1993.00,35.50,2.00,19.00,7.00,36.80,0.54,0.20,0.11,0.29,8.80,0.00,0.00,0.00,1.90,1.90,0.10,0.10,0.10,1262.00,1585.00,79.60,29862.00,11824.00,288.00,324.00,88.90,707.00,768.00,92.10,257.00,462.00,55.60,2.00,0.60,1.40,7.00,120.00,6.00,2.00,108.00,1529.00,56.00,51.00,0.00,189.00,55.00,2.00,0.00,0.00,0.00,0.00,1034.00,137.00,414.00,1241.00,200.00,95.00,4.00,2.00,7.00,41.00,23.00,16.00,14.00,0.39,12.00,0.00,1.00,1.00,0.00,0.00,2.00,0.06,2.00,0.00,0.00,0.00,0.00,0.00,33.00,18.00,24.00,7.00,2.00,14.00,26.00,53.80,12.00,252.00,71.00,28.20,146.00,87.00,19.00,84.00,47.00,1.00,37.00,38.00,122.00,71.00,230.00,5.00,2007.00,384.00,1216.00,832.00,84.00,37.00,1954.00,8.00,13.00,61.50,8.00,0.00,1082.00,7161.00,3397.00,54.00,9.00,1.00,9.00,7.00,1214.00,1169.00,96.30,11.00,6.00,1.00,1.00,22.00,22.00,3.00,2.00,0.00,0.00,1.00,370.00,109.00,35.00,75.70,3194.00
Jan Bednarek,0.3865078,0.1524133,0.381744168,0.96684151,pl POL,CB,Southampton,24.00,1996.00,34.40,1.00,10.00,5.00,50.00,0.29,0.15,0.10,0.20,8.90,0.00,0.00,0.00,1.00,1.00,0.10,0.00,0.00,1697.00,2005.00,84.60,32478.00,10807.00,625.00,675.00,92.60,876.00,961.00,91.20,178.00,332.00,53.60,1.00,0.30,0.70,5.00,80.00,4.00,0.00,80.00,1916.00,89.00,44.00,1.00,250.00,30.00,0.00,0.00,0.00,0.00,0.00,1430.00,178.00,397.00,326.00,1447.00,132.00,45.00,7.00,2.00,35.00,23.00,18.00,14.00,0.41,12.00,1.00,0.00,1.00,0.00,0.00,2.00,0.06,2.00,0.00,0.00,0.00,0.00,0.00,48.00,28.00,31.00,16.00,1.00,23.00,53.00,43.40,30.00,284.00,95.00,33.50,169.00,104.00,11.00,59.00,28.00,1.00,31.00,78.00,137.00,126.00,216.00,1.00,2414.00,306.00,1336.00,1143.00,56.00,17.00,2328.00,2.00,4.00,50.00,2.00,0.00,1356.00,7025.00,3596.00,78.00,8.00,0.00,5.00,4.00,1510.00,1478.00,97.90,3.00,5.00,1.00,0.00,33.00,15.00,0.00,0.00,0.00,0.00,1.00,410.00,110.00,51.00,68.30,3100.00
Ben Godfrey,0.2573328,0.14657605,0.779889,0.85936174,eng ENG,CB,Everton,22.00,1998.00,29.80,0.00,14.00,2.00,14.30,0.47,0.07,0.00,0.00,15.10,0.00,0.00,0.00,0.90,0.90,0.06,-0.90,-0.90,1102.00,1302.00,84.60,21710.00,5735.00,378.00,428.00,88.30,566.00,621.00,91.10,138.00,206.00,67.00,2.00,0.50,1.50,1.00,58.00,5.00,2.00,51.00,1185.00,117.00,14.00,1.00,156.00,16.00,7.00,0.00,0.00,0.00,0.00,966.00,154.00,182.00,95.00,1016.00,59.00,102.00,4.00,1.00,24.00,23.00,32.00,10.00,0.34,7.00,0.00,0.00,2.00,1.00,0.00,2.00,0.07,1.00,0.00,0.00,1.00,0.00,0.00,56.00,29.00,40.00,14.00,2.00,25.00,39.00,64.10,14.00,370.00,115.00,31.10,237.00,110.00,23.00,85.00,39.00,1.00,46.00,44.00,129.00,100.00,135.00,0.00,1668.00,230.00,899.00,757.00,146.00,21.00,1552.00,8.00,14.00,57.10,9.00,0.00,927.00,6133.00,3460.00,80.00,28.00,3.00,17.00,15.00,1024.00,964.00,94.10,8.00,4.00,0.00,0.00,18.00,19.00,3.00,7.00,0.00,1.00,1.00,239.00,71.00,36.00,66.40,2685.00
Craig Dawson,0.632388,0.1402532,0.205658865,0.69873827,eng ENG,CB,West Ham,30.00,1990.00,21.40,3.00,16.00,5.00,31.30,0.75,0.23,0.19,0.60,8.30,0.00,0.00,0.00,1.70,1.70,0.11,1.30,1.30,592.00,718.00,82.50,14128.00,3945.00,129.00,140.00,92.10,303.00,328.00,92.40,153.00,237.00,64.60,0.00,0.00,0.00,1.00,41.00,1.00,0.00,25.00,689.00,29.00,25.00,0.00,76.00,30.00,0.00,0.00,0.00,0.00,0.00,489.00,68.00,161.00,38.00,606.00,44.00,3.00,2.00,1.00,19.00,11.00,5.00,8.00,0.37,5.00,1.00,0.00,1.00,1.00,0.00,0.00,0.00,0.00,0.00,0.00,0.00,0.00,0.00,13.00,11.00,13.00,0.00,0.00,3.00,12.00,25.00,9.00,145.00,45.00,31.00,96.00,46.00,3.00,32.00,25.00,1.00,7.00,39.00,71.00,52.00,133.00,1.00,945.00,180.00,575.00,375.00,38.00,22.00,918.00,0.00,0.00,,0.00,0.00,497.00,2632.00,1203.00,21.00,5.00,0.00,5.00,0.00,551.00,535.00,97.10,1.00,5.00,1.00,1.00,22.00,13.00,2.00,0.00,0.00,0.00,2.00,153.00,65.00,28.00,69.90,1925.00
Ben Mee,0.4422096,0.1378527,0.129045312,0.8622315,eng ENG,CB,Burnley,30.00,1989.00,29.90,2.00,22.00,6.00,27.30,0.74,0.20,0.09,0.33,9.90,0.00,0.00,0.00,1.60,1.60,0.07,0.40,0.40,784.00,1044.00,75.10,18309.00,6982.00,232.00,270.00,85.90,341.00,401.00,85.00,199.00,349.00,57.00,0.00,0.30,-0.30,6.00,51.00,1.00,0.00,64.00,1006.00,38.00,34.00,0.00,176.00,29.00,1.00,0.00,0.00,0.00,0.00,558.00,125.00,361.00,760.00,111.00,103.00,4.00,5.00,2.00,24.00,14.00,11.00,11.00,0.37,6.00,2.00,0.00,2.00,1.00,0.00,1.00,0.03,1.00,0.00,0.00,0.00,0.00,0.00,38.00,24.00,19.00,17.00,2.00,8.00,23.00,34.80,15.00,162.00,50.00,30.90,95.00,56.00,11.00,61.00,43.00,1.00,18.00,35.00,96.00,73.00,241.00,1.00,1441.00,250.00,742.00,685.00,65.00,44.00,1408.00,3.00,5.00,60.00,3.00,0.00,629.00,2592.00,1056.00,16.00,2.00,0.00,5.00,3.00,703.00,668.00,95.00,4.00,3.00,0.00,0.00,23.00,20.00,1.00,1.00,0.00,0.00,0.00,338.00,128.00,57.00,69.20,2693.00
Scott Dann,0.3287661,0.1249955,0.19477223,0.70618062,eng ENG,CB,Crystal Palace,33.00,1987.00,15.00,1.00,5.00,2.00,40.00,0.33,0.13,0.20,0.50,9.20,0.00,0.00,0.00,0.30,0.30,0.07,0.70,0.70,508.00,604.00,84.10,10396.00,4758.00,162.00,179.00,90.50,273.00,294.00,92.90,70.00,121.00,57.90,0.00,0.00,0.00,1.00,24.00,0.00,0.00,28.00,574.00,30.00,28.00,1.00,62.00,6.00,0.00,0.00,0.00,0.00,0.00,399.00,63.00,142.00,68.00,459.00,44.00,2.00,4.00,0.00,13.00,9.00,6.00,5.00,0.33,4.00,0.00,0.00,0.00,0.00,1.00,0.00,0.00,0.00,0.00,0.00,0.00,0.00,0.00,10.00,7.00,9.00,1.00,0.00,3.00,12.00,25.00,9.00,62.00,17.00,27.40,41.00,20.00,1.00,26.00,16.00,0.00,10.00,8.00,34.00,18.00,75.00,1.00,733.00,100.00,424.00,316.00,25.00,15.00,707.00,5.00,5.00,100.00,5.00,0.00,363.00,1527.00,799.00,15.00,1.00,0.00,3.00,0.00,440.00,426.00,96.80,1.00,1.00,0.00,0.00,8.00,5.00,0.00,0.00,0.00,0.00,0.00,148.00,49.00,34.00,59.00,1350.00
Kyle Bartley,0.526287,0.1175481,0.132322884,0.8155097,eng ENG,CB,West Brom,29.00,1991.00,28.70,3.00,14.00,5.00,35.70,0.49,0.17,0.21,0.60,8.20,0.00,0.00,0.00,2.10,2.10,0.15,0.90,0.90,630.00,809.00,77.90,13475.00,4389.00,195.00,237.00,82.30,323.00,374.00,86.40,105.00,185.00,56.80,1.00,0.20,0.80,4.00,52.00,3.00,1.00,30.00,776.00,33.00,23.00,1.00,141.00,29.00,4.00,0.00,0.00,0.00,0.00,514.00,79.00,216.00,95.00,570.00,78.00,10.00,1.00,2.00,27.00,10.00,8.00,9.00,0.31,7.00,0.00,0.00,2.00,0.00,0.00,1.00,0.03,1.00,0.00,0.00,0.00,0.00,0.00,26.00,18.00,15.00,10.00,1.00,10.00,32.00,31.30,22.00,232.00,76.00,32.80,135.00,82.00,15.00,74.00,37.00,1.00,37.00,31.00,105.00,57.00,202.00,2.00,1162.00,277.00,701.00,435.00,74.00,40.00,1130.00,3.00,4.00,75.00,3.00,0.00,470.00,2548.00,1039.00,19.00,5.00,0.00,9.00,5.00,607.00,517.00,85.20,4.00,4.00,0.00,0.00,35.00,9.00,5.00,4.00,0.00,1.00,0.00,260.00,111.00,55.00,66.90,2584.00
Joe Gomez,None,0.1144056,0.597938016,0.99999953,eng ENG,CB,Liverpool,23.00,1997.00,6.60,0.00,0.00,0.00,,0.00,0.00,,,,0.00,0.00,0.00,0.00,0.00,,0.00,0.00,481.00,533.00,90.20,11406.00,3067.00,99.00,106.00,93.40,279.00,297.00,93.90,99.00,123.00,80.50,0.00,0.00,0.00,1.00,30.00,0.00,0.00,38.00,526.00,7.00,7.00,0.00,65.00,29.00,0.00,0.00,0.00,0.00,0.00,407.00,31.00,95.00,38.00,446.00,31.00,0.00,0.00,1.00,8.00,1.00,2.00,2.00,0.31,2.00,0.00,0.00,0.00,0.00,0.00,0.00,0.00,0.00,0.00,0.00,0.00,0.00,0.00,5.00,2.00,2.00,3.00,0.00,0.00,4.00,0.00,4.00,39.00,15.00,38.50,24.00,13.00,2.00,7.00,3.00,0.00,4.00,5.00,12.00,10.00,32.00,2.00,591.00,69.00,267.00,353.00,6.00,0.00,585.00,4.00,4.00,100.00,4.00,0.00,420.00,1920.00,1072.00,28.00,0.00,0.00,1.00,6.00,427.00,425.00,99.50,0.00,0.00,0.00,0.00,9.00,6.00,0.00,0.00,0.00,1.00,0.00,107.00,26.00,23.00,53.10,590.00
Davinson SÃ¡nchez,0.147534,0.1135555,0.35389308,0.776655131,co COL,CB,Tottenham,24.00,1996.00,16.50,0.00,6.00,0.00,0.00,0.36,0.00,0.00,,9.30,0.00,0.00,0.00,1.10,1.10,0.18,-1.10,-1.10,849.00,977.00,86.90,18273.00,4714.00,228.00,250.00,91.20,468.00,505.00,92.70,146.00,204.00,71.60,0.00,0.00,0.00,0.00,20.00,1.00,0.00,29.00,953.00,24.00,22.00,0.00,73.00,17.00,0.00,0.00,0.00,0.00,0.00,791.00,60.00,126.00,112.00,799.00,38.00,2.00,5.00,0.00,10.00,11.00,11.00,5.00,0.30,3.00,1.00,0.00,1.00,0.00,0.00,1.00,0.06,1.00,0.00,0.00,0.00,0.00,0.00,40.00,25.00,31.00,9.00,0.00,19.00,30.00,63.30,11.00,155.00,49.00,31.60,104.00,44.00,7.00,19.00,12.00,0.00,7.00,14.00,33.00,54.00,123.00,0.00,1176.00,190.00,699.00,521.00,14.00,6.00,1153.00,0.00,0.00,,0.00,0.00,747.00,3501.00,1598.00,36.00,3.00,0.00,2.00,4.00,808.00,796.00,98.50,2.00,1.00,0.00,0.00,25.00,12.00,0.00,0.00,0.00,3.00,1.00,153.00,50.00,30.00,62.50,1486.00
Eric Bailly,0.239356,0.1105317,0.496149108,0.85993912,ci CIV,CB,Manchester Utd,26.00,1994.00,10.20,0.00,2.00,0.00,0.00,0.20,0.00,0.00,,10.00,0.00,0.00,0.00,0.10,0.10,0.05,-0.10,-0.10,494.00,547.00,90.30,10384.00,3113.00,139.00,148.00,93.90,281.00,304.00,92.40,71.00,91.00,78.00,0.00,0.00,0.00,0.00,28.00,0.00,0.00,29.00,532.00,15.00,14.00,0.00,50.00,10.00,0.00,0.00,0.00,0.00,0.00,452.00,41.00,54.00,65.00,443.00,23.00,1.00,2.00,0.00,4.00,10.00,3.00,3.00,0.29,3.00,0.00,0.00,0.00,0.00,0.00,1.00,0.10,1.00,0.00,0.00,0.00,0.00,0.00,9.00,6.00,5.00,3.00,1.00,1.00,1.00,100.00,0.00,55.00,22.00,40.00,27.00,26.00,2.00,17.00,15.00,0.00,2.00,22.00,39.00,31.00,51.00,0.00,653.00,105.00,382.00,303.00,13.00,4.00,640.00,5.00,6.00,83.30,5.00,0.00,417.00,2676.00,1381.00,34.00,2.00,0.00,2.00,1.00,433.00,427.00,98.60,0.00,3.00,0.00,0.00,12.00,5.00,0.00,0.00,0.00,0.00,0.00,98.00,27.00,17.00,61.40,916.00
Ciaran Clark,0.2347064,0.1070837,0.197348886,0.73907061,ie IRL,CB,Newcastle Utd,30.00,1989.00,21.00,1.00,8.00,2.00,25.00,0.38,0.10,0.13,0.50,10.40,0.00,0.00,0.00,0.30,0.30,0.04,0.70,0.70,620.00,747.00,83.00,12686.00,3922.00,198.00,227.00,87.20,312.00,345.00,90.40,102.00,157.00,65.00,0.00,0.10,-0.10,2.00,35.00,2.00,0.00,35.00,724.00,23.00,6.00,2.00,88.00,11.00,0.00,0.00,0.00,0.00,0.00,516.00,66.00,165.00,514.00,126.00,53.00,17.00,1.00,1.00,3.00,14.00,9.00,6.00,0.29,6.00,0.00,0.00,0.00,0.00,0.00,0.00,0.00,0.00,0.00,0.00,0.00,0.00,0.00,27.00,14.00,18.00,7.00,2.00,3.00,10.00,30.00,7.00,156.00,49.00,31.40,102.00,42.00,12.00,45.00,20.00,0.00,25.00,26.00,71.00,53.00,134.00,3.00,992.00,187.00,621.00,344.00,58.00,18.00,970.00,6.00,9.00,66.70,6.00,0.00,493.00,2325.00,1134.00,25.00,3.00,0.00,7.00,1.00,578.00,545.00,94.30,5.00,3.00,0.00,0.00,17.00,15.00,1.00,0.00,0.00,1.00,1.00,168.00,79.00,35.00,69.30,1891.00
Issa Diop,0.938826,0.0977518,0.239966086,0.68589559,fr FRA,CB,West Ham,23.00,1997.00,15.30,2.00,3.00,2.00,66.70,0.20,0.13,0.67,1.00,8.20,0.00,0.00,0.00,0.30,0.30,0.11,1.70,1.70,475.00,563.00,84.40,9379.00,2899.00,160.00,184.00,87.00,244.00,267.00,91.40,65.00,101.00,64.40,0.00,0.00,0.00,1.00,28.00,0.00,0.00,22.00,548.00,15.00,12.00,1.00,57.00,3.00,1.00,0.00,0.00,0.00,0.00,439.00,41.00,83.00,97.00,407.00,42.00,3.00,0.00,1.00,7.00,9.00,3.00,4.00,0.26,4.00,0.00,0.00,0.00,0.00,0.00,1.00,0.07,1.00,0.00,0.00,0.00,0.00,0.00,26.00,19.00,14.00,12.00,0.00,6.00,18.00,33.30,12.00,113.00,41.00,36.30,61.00,48.00,4.00,35.00,24.00,1.00,11.00,14.00,49.00,40.00,82.00,2.00,725.00,114.00,369.00,373.00,11.00,7.00,710.00,5.00,5.00,100.00,5.00,0.00,394.00,2147.00,1007.00,23.00,2.00,0.00,3.00,3.00,449.00,432.00,96.20,1.00,3.00,0.00,0.00,9.00,7.00,1.00,1.00,0.00,0.00,1.00,111.00,30.00,20.00,60.00,1381.00
Conor Coady,0.122845,0.0919552,0.262932543,0.57903,eng ENG,CB,Wolves,27.00,1993.00,36.70,1.00,8.00,2.00,25.00,0.22,0.05,0.13,0.50,10.60,0.00,0.00,0.00,1.30,1.30,0.16,-0.30,-0.30,1576.00,1789.00,88.10,40617.00,14316.00,287.00,303.00,94.70,810.00,846.00,95.70,470.00,618.00,76.10,0.00,0.10,-0.10,2.00,78.00,1.00,0.00,59.00,1732.00,57.00,50.00,2.00,136.00,85.00,1.00,0.00,0.00,0.00,0.00,1220.00,139.00,430.00,49.00,1644.00,77.00,3.00,4.00,4.00,22.00,19.00,11.00,9.00,0.25,7.00,0.00,0.00,1.00,0.00,1.00,0.00,0.00,0.00,0.00,0.00,0.00,0.00,0.00,31.00,23.00,23.00,8.00,0.00,14.00,37.00,37.80,23.00,203.00,71.00,35.00,149.00,52.00,2.00,59.00,39.00,2.00,20.00,25.00,84.00,56.00,163.00,1.00,2073.00,420.00,1352.00,805.00,17.00,12.00,2019.00,7.00,9.00,77.80,7.00,1.00,1281.00,6008.00,2639.00,29.00,2.00,0.00,2.00,3.00,1462.00,1446.00,98.90,2.00,5.00,0.00,0.00,26.00,13.00,0.00,1.00,0.00,1.00,0.00,270.00,40.00,29.00,58.00,3303.00
Pablo MarÃ­,None,0.0749978,0.567130905,0.57197259,es ESP,CB,Arsenal,26.00,1993.00,10.00,0.00,2.00,0.00,0.00,0.20,0.00,0.00,,21.30,0.00,0.00,0.00,0.00,0.00,0.02,0.00,0.00,537.00,592.00,90.70,10977.00,2753.00,162.00,170.00,95.30,294.00,301.00,97.70,76.00,113.00,67.30,0.00,0.00,0.00,0.00,20.00,0.00,0.00,19.00,585.00,7.00,4.00,0.00,45.00,10.00,0.00,0.00,0.00,0.00,0.00,489.00,36.00,67.00,480.00,71.00,23.00,3.00,1.00,0.00,8.00,7.00,2.00,2.00,0.20,1.00,0.00,0.00,1.00,0.00,0.00,0.00,0.00,0.00,0.00,0.00,0.00,0.00,0.00,14.00,11.00,11.00,3.00,0.00,4.00,11.00,36.40,7.00,68.00,27.00,39.70,41.00,25.00,2.00,13.00,7.00,0.00,6.00,5.00,18.00,19.00,56.00,0.00,679.00,98.00,412.00,308.00,10.00,3.00,672.00,3.00,3.00,100.00,3.00,0.00,484.00,2680.00,1551.00,35.00,4.00,0.00,1.00,0.00,517.00,509.00,98.50,1.00,2.00,0.00,0.00,10.00,5.00,0.00,0.00,0.00,1.00,0.00,72.00,29.00,16.00,64.40,900.00
Yerry Mina,0.418985,0.0696912,0.650191992,0.60920517,co COL,CB,Everton,25.00,1994.00,21.50,2.00,17.00,4.00,23.50,0.79,0.19,0.12,0.50,10.20,0.00,0.00,0.00,1.30,1.30,0.08,0.70,0.70,1115.00,1227.00,90.90,23055.00,6367.00,294.00,313.00,93.90,634.00,664.00,95.50,160.00,214.00,74.80,0.00,0.00,0.00,0.00,49.00,0.00,0.00,45.00,1198.00,29.00,25.00,0.00,101.00,26.00,0.00,0.00,0.00,0.00,0.00,1008.00,85.00,134.00,184.00,969.00,43.00,2.00,0.00,0.00,10.00,9.00,9.00,4.00,0.19,4.00,0.00,0.00,0.00,0.00,0.00,0.00,0.00,0.00,0.00,0.00,0.00,0.00,0.00,25.00,12.00,19.00,6.00,0.00,7.00,10.00,70.00,3.00,148.00,43.00,29.10,101.00,45.00,2.00,38.00,26.00,0.00,12.00,13.00,51.00,38.00,130.00,1.00,1461.00,248.00,919.00,633.00,35.00,25.00,1434.00,0.00,1.00,0.00,0.00,0.00,941.00,6165.00,3827.00,73.00,5.00,0.00,1.00,3.00,1071.00,1043.00,97.40,3.00,2.00,0.00,0.00,22.00,11.00,0.00,0.00,0.00,0.00,0.00,168.00,68.00,27.00,71.60,1937.00
Phil Jagielka,None,0.0641624,0.099585924,0.88470945,eng ENG,CB,Sheffield Utd,37.00,1982.00,5.80,0.00,0.00,0.00,,0.00,0.00,,,,0.00,0.00,0.00,0.00,0.00,,0.00,0.00,142.00,186.00,76.30,3668.00,1007.00,34.00,39.00,87.20,57.00,71.00,80.30,49.00,71.00,69.00,0.00,0.00,0.00,0.00,4.00,0.00,0.00,5.00,174.00,12.00,7.00,0.00,28.00,10.00,1.00,0.00,0.00,0.00,0.00,109.00,22.00,55.00,29.00,134.00,11.00,5.00,0.00,0.00,7.00,3.00,2.00,1.00,0.17,1.00,0.00,0.00,0.00,0.00,0.00,0.00,0.00,0.00,0.00,0.00,0.00,0.00,0.00,9.00,4.00,5.00,3.00,1.00,5.00,11.00,45.50,6.00,56.00,17.00,30.40,40.00,16.00,0.00,15.00,6.00,0.00,9.00,12.00,27.00,21.00,47.00,2.00,261.00,44.00,147.00,112.00,8.00,1.00,249.00,0.00,0.00,,0.00,0.00,112.00,360.00,152.00,4.00,1.00,0.00,0.00,0.00,125.00,118.00,94.40,1.00,1.00,1.00,0.00,8.00,1.00,0.00,1.00,0.00,0.00,1.00,45.00,15.00,10.00,60.00,526.00
FabiÃ¡n Balbuena,0.338725,0.0563418,0.191190504,0.70426953,py PAR,CB,West Ham,28.00,1991.00,13.30,1.00,8.00,2.00,25.00,0.60,0.15,0.13,0.50,9.60,0.00,0.00,0.00,0.60,0.60,0.08,0.40,0.40,357.00,465.00,76.80,8603.00,3296.00,77.00,88.00,87.50,187.00,213.00,87.80,89.00,154.00,57.80,0.00,0.00,0.00,0.00,33.00,0.00,0.00,30.00,439.00,26.00,23.00,0.00,32.00,17.00,0.00,0.00,0.00,0.00,0.00,289.00,41.00,135.00,52.00,377.00,24.00,3.00,1.00,3.00,10.00,5.00,7.00,2.00,0.15,2.00,0.00,0.00,0.00,0.00,0.00,0.00,0.00,0.00,0.00,0.00,0.00,0.00,0.00,24.00,14.00,20.00,4.00,0.00,12.00,24.00,50.00,12.00,134.00,45.00,33.60,88.00,44.00,2.00,25.00,6.00,1.00,19.00,14.00,39.00,38.00,89.00,1.00,611.00,90.00,317.00,301.00,24.00,10.00,589.00,2.00,3.00,66.70,2.00,0.00,325.00,1515.00,696.00,13.00,3.00,0.00,2.00,0.00,336.00,322.00,95.80,5.00,1.00,1.00,0.00,12.00,4.00,0.00,0.00,0.00,0.00,0.00,114.00,26.00,17.00,60.50,1198.00
Ezri Konsa,0.3703036,0.05446415,0.142303158,0.64568341,eng ENG,CB,Aston Villa,22.00,1997.00,35.50,2.00,22.00,7.00,31.80,0.62,0.20,0.09,0.29,8.60,0.00,0.00,0.00,2.10,2.10,0.10,-0.10,-0.10,1076.00,1244.00,86.50,24313.00,5976.00,250.00,284.00,88.00,615.00,658.00,93.50,202.00,280.00,72.10,0.00,0.20,-0.20,1.00,38.00,2.00,0.00,36.00,1188.00,56.00,41.00,1.00,141.00,31.00,2.00,0.00,0.00,0.00,0.00,916.00,114.00,214.00,136.00,986.00,63.00,14.00,3.00,1.00,27.00,10.00,10.00,5.00,0.14,4.00,0.00,0.00,1.00,0.00,0.00,0.00,0.00,0.00,0.00,0.00,0.00,0.00,0.00,34.00,22.00,23.00,10.00,1.00,11.00,19.00,57.90,8.00,225.00,71.00,31.60,129.00,83.00,13.00,65.00,45.00,0.00,20.00,27.00,92.00,61.00,193.00,0.00,1606.00,331.00,942.00,640.00,76.00,31.00,1560.00,6.00,10.00,60.00,6.00,0.00,896.00,3463.00,1382.00,22.00,3.00,0.00,5.00,5.00,972.00,927.00,95.40,6.00,3.00,0.00,0.00,22.00,57.00,1.00,2.00,0.00,1.00,0.00,289.00,90.00,62.00,59.20,3196.00
Tim Ream,None,0.0535703,0.57982404,0.68831397,us USA,CB,Fulham,32.00,1987.00,7.00,0.00,0.00,0.00,,0.00,0.00,,,,0.00,0.00,0.00,0.00,0.00,,0.00,0.00,396.00,434.00,91.20,8687.00,2742.00,102.00,106.00,96.20,220.00,228.00,96.50,72.00,94.00,76.60,0.00,0.00,0.00,0.00,31.00,0.00,0.00,24.00,432.00,2.00,2.00,0.00,28.00,13.00,0.00,0.00,0.00,0.00,0.00,353.00,34.00,47.00,325.00,84.00,14.00,0.00,5.00,0.00,10.00,3.00,4.00,1.00,0.14,1.00,0.00,0.00,0.00,0.00,0.00,0.00,0.00,0.00,0.00,0.00,0.00,0.00,0.00,10.00,4.00,8.00,2.00,0.00,5.00,8.00,62.50,3.00,37.00,10.00,27.00,16.00,20.00,1.00,14.00,6.00,0.00,8.00,4.00,18.00,14.00,31.00,1.00,492.00,88.00,284.00,233.00,7.00,0.00,490.00,1.00,2.00,50.00,1.00,0.00,326.00,2010.00,1110.00,29.00,2.00,0.00,1.00,1.00,368.00,365.00,99.20,0.00,0.00,0.00,0.00,4.00,0.00,0.00,0.00,0.00,0.00,0.00,63.00,11.00,9.00,55.00,630.00