Player,Goal Scoring Efficiency,Creativity Efficiency,D&B Efficiency,Defending Efficiency,Nation,Pos,Squad,Age,Born,90sâ¼,Gls,Sh,SoT,SoT%,Sh/90,SoT/90,G/Sh,G/SoT,Dist,FK,PK,PKatt,xG,npxG,npxG/Sh,G-xG,np:G-xG,Passing Cmp,Passing Att,Passing Cmp%,Passing TotDist,Passing PrgDist,Short Passing Cmp,Short Passing Att,Short Passing Cmp%,Medium Passing Cmp,Medium Passing Att,Medium Passing Cmp%,Long Passing Cmp,Long Passing Att,Long Passing Cmp%,Assists,xA,A-xA,KP,Final Third Passes,PPA,CrsPA,Prog,Live Passes,Dead Passes,FK Passes,TB Passes,Press Passes,Sw Passes,Crs Passes,CK Passes,CK Inswinging,CK Outswinging,CK Straight,Ground Passes,Low Passes,High Passes,Left Footed Passes,Right Footed Passes,Head Passes,Throw in Passes,Other Passes,Offside Passes,Out Passes,Intercepted Passes,Blocked Passes,SCA,SCA90,SCA PassLive,SCA PassDead,SCA Drib,SCA Sh,SCA Fld,SCA Def,GCA,GCA90,GCA PassLive,GCA PassDead,GCA Drib,GCA Sh,GCA Fld,GCA Def,Tackles Tkl,Tackles TklW,Tackles Def 3rd,Tackles Mid 3rd,Tackles Att 3rd,vs Dribble TklW,vs Dribble Tkl Att,vs Dribble Tkl%,vs Dribble Past,Pressures Total,Pressures Succ,Pressures Succesful%,Pressures Def 3rd,Pressures Mid 3rd,Pressures Att 3rd,Blocks,Blocked Shots,Blcoked SOT,Blocked Pass,Int,Blocks and Interceptions,Tkl+Int,Clearances,Mistake To Goal,Touches,Touches Def Pen,Touches Def 3rd,Touches Mid 3rd,Touches Att 3rd,Touches Att Pen,Touches Live,Dribbles Succ,Dribbles Att,Dribbles Succ%,Dribbles #Pl,Megs,Carries,Carry TotDist,Carry PrgDist,Carry Prog,Carries Final Third,Carry into box,Miscontrol,Displaced,Receiving Pass Target,Receiving Pass Rec,Rec%,Proggresive Passes Received,CrdY,CrdR,2CrdY,Fls,Fld,Offsides,Crosses Attempted,PKwon,PKcon,OG,Recoveries,Aerial Duels Won,Aerial Duels Lost,Aerial Duels Won%,Minutes Played
Youri Tielemans,0.841609,0.68848511,0.50376145,0.797542752,be BEL,MF,Leicester City,23.00,1997.00,37.30,6.00,47.00,18.00,38.30,1.26,0.48,0.09,0.22,22.10,4.00,2.00,2.00,4.50,3.00,0.06,1.50,1.00,2011.00,2559.00,78.60,38768.00,9963.00,788.00,893.00,88.20,910.00,1049.00,86.70,282.00,538.00,52.40,4.00,3.30,0.70,48.00,212.00,43.00,4.00,206.00,2377.00,182.00,72.00,7.00,323.00,93.00,45.00,97.00,33.00,33.00,8.00,1846.00,233.00,480.00,493.00,1955.00,56.00,12.00,13.00,9.00,49.00,81.00,55.00,109.00,2.92,83.00,12.00,2.00,4.00,4.00,4.00,16.00,0.43,14.00,0.00,0.00,0.00,1.00,1.00,77.00,56.00,31.00,30.00,16.00,27.00,95.00,28.40,68.00,505.00,182.00,36.00,162.00,245.00,98.00,57.00,11.00,0.00,46.00,36.00,93.00,113.00,29.00,0.00,2926.00,57.00,615.00,1695.00,777.00,43.00,2752.00,40.00,57.00,70.20,45.00,7.00,1881.00,7481.00,4300.00,168.00,50.00,9.00,29.00,47.00,2230.00,2097.00,94.00,75.00,6.00,0.00,0.00,54.00,69.00,0.00,45.00,0.00,0.00,0.00,412.00,37.00,35.00,51.40,3357.00
Dwight McNeil,0.51938651,0.68272452,0.72849582,0.601892303,eng ENG,MF,Burnley,20.00,1999.00,34.10,2.00,26.00,9.00,34.60,0.76,0.26,0.08,0.22,21.90,1.00,0.00,0.00,1.10,1.10,0.04,0.90,0.90,920.00,1336.00,68.90,18456.00,5542.00,395.00,452.00,87.40,336.00,429.00,78.30,169.00,369.00,45.80,5.00,6.50,-1.50,50.00,74.00,41.00,24.00,77.00,1170.00,166.00,74.00,5.00,249.00,109.00,114.00,74.00,64.00,5.00,2.00,819.00,142.00,375.00,1211.00,55.00,34.00,18.00,2.00,8.00,34.00,27.00,68.00,80.00,2.35,42.00,27.00,2.00,1.00,6.00,2.00,9.00,0.26,4.00,3.00,1.00,0.00,0.00,1.00,43.00,22.00,17.00,21.00,5.00,11.00,52.00,21.20,41.00,585.00,138.00,23.60,156.00,286.00,143.00,58.00,6.00,0.00,52.00,38.00,96.00,81.00,27.00,1.00,1696.00,49.00,281.00,895.00,706.00,51.00,1542.00,66.00,114.00,57.90,69.00,7.00,1222.00,8017.00,3476.00,172.00,66.00,21.00,42.00,62.00,1307.00,1069.00,81.80,72.00,1.00,0.00,0.00,13.00,46.00,2.00,114.00,0.00,0.00,0.00,272.00,22.00,30.00,42.30,3069.00
Raphael Dias Belloli,0.99999986,1,1.0000011,0.50190042,br BRA,MF,Leeds United,23.00,1996.00,26.20,6.00,68.00,27.00,39.70,2.59,1.03,0.09,0.22,16.30,4.00,0.00,0.00,6.00,6.00,0.09,0.00,0.00,704.00,1057.00,66.60,13455.00,5385.00,323.00,380.00,85.00,253.00,359.00,70.50,113.00,249.00,45.40,9.00,8.10,0.90,66.00,81.00,42.00,9.00,135.00,908.00,149.00,41.00,5.00,116.00,59.00,75.00,91.00,41.00,36.00,5.00,627.00,163.00,267.00,906.00,95.00,25.00,16.00,9.00,5.00,17.00,51.00,47.00,109.00,4.16,62.00,26.00,10.00,4.00,3.00,4.00,14.00,0.53,8.00,3.00,1.00,2.00,0.00,0.00,38.00,19.00,15.00,14.00,9.00,13.00,55.00,23.60,42.00,402.00,98.00,24.40,111.00,160.00,131.00,39.00,1.00,0.00,38.00,31.00,70.00,69.00,33.00,0.00,1450.00,42.00,204.00,645.00,687.00,135.00,1307.00,61.00,118.00,51.70,66.00,5.00,956.00,4827.00,3115.00,162.00,40.00,31.00,72.00,36.00,1351.00,976.00,72.20,168.00,3.00,0.00,0.00,22.00,39.00,15.00,75.00,0.00,0.00,0.00,159.00,12.00,38.00,24.00,2360.00
Tanguy Ndombele,0.71047952,0.57267942,0.68642248,0.803693877,fr FRA,MF,Tottenham,23.00,1996.00,23.20,3.00,18.00,7.00,38.90,0.77,0.30,0.17,0.43,17.10,0.00,0.00,0.00,1.40,1.40,0.08,1.60,1.60,994.00,1165.00,85.30,15903.00,4088.00,527.00,588.00,89.60,345.00,404.00,85.40,81.00,110.00,73.60,2.00,2.40,-0.40,16.00,91.00,22.00,0.00,101.00,1128.00,37.00,17.00,8.00,165.00,16.00,8.00,0.00,0.00,0.00,0.00,970.00,116.00,79.00,100.00,1007.00,37.00,4.00,5.00,3.00,7.00,31.00,24.00,57.00,2.45,42.00,0.00,4.00,2.00,7.00,2.00,8.00,0.34,7.00,0.00,0.00,1.00,0.00,0.00,49.00,32.00,12.00,25.00,12.00,11.00,43.00,25.60,32.00,454.00,152.00,33.50,134.00,240.00,80.00,35.00,4.00,0.00,31.00,30.00,65.00,79.00,19.00,0.00,1465.00,33.00,265.00,951.00,359.00,39.00,1436.00,70.00,97.00,72.20,73.00,5.00,1104.00,5253.00,2900.00,153.00,41.00,11.00,31.00,49.00,1207.00,1072.00,88.80,77.00,3.00,0.00,0.00,33.00,83.00,0.00,8.00,0.00,0.00,0.00,206.00,14.00,19.00,42.40,2091.00
Eberechi Eze,0.8506946,0.68109073,0.999998676,0.517428013,eng ENG,MF,Crystal Palace,22.00,1998.00,28.40,4.00,37.00,13.00,35.10,1.30,0.46,0.11,0.31,21.10,4.00,0.00,0.00,2.20,2.20,0.06,1.80,1.80,918.00,1158.00,79.30,14737.00,4359.00,503.00,564.00,89.20,297.00,360.00,82.50,85.00,174.00,48.90,6.00,2.80,3.20,39.00,77.00,32.00,3.00,111.00,1037.00,121.00,37.00,2.00,191.00,31.00,26.00,63.00,18.00,24.00,8.00,894.00,102.00,162.00,162.00,961.00,17.00,5.00,1.00,8.00,12.00,34.00,32.00,83.00,2.92,48.00,13.00,10.00,2.00,8.00,2.00,12.00,0.42,4.00,2.00,4.00,1.00,1.00,0.00,38.00,22.00,18.00,14.00,6.00,14.00,36.00,38.90,22.00,319.00,91.00,28.50,89.00,162.00,68.00,32.00,3.00,0.00,29.00,29.00,61.00,67.00,6.00,0.00,1482.00,27.00,246.00,783.00,610.00,52.00,1371.00,69.00,108.00,63.90,73.00,4.00,1181.00,7617.00,3974.00,188.00,63.00,18.00,42.00,54.00,1278.00,1037.00,81.10,113.00,3.00,0.00,0.00,21.00,83.00,1.00,26.00,0.00,0.00,0.00,203.00,12.00,32.00,27.30,2559.00
Bobby Reid,0.4027535,0.49956445,0.61030996,0.50944013,jm JAM,CDM,Fulham,27.00,1993.00,26.40,5.00,34.00,8.00,23.50,1.29,0.30,0.15,0.63,16.80,1.00,0.00,0.00,4.80,4.80,0.14,0.20,0.20,612.00,826.00,74.10,10197.00,2922.00,308.00,360.00,85.60,230.00,297.00,77.40,54.00,120.00,45.00,2.00,1.40,0.60,15.00,38.00,28.00,6.00,60.00,772.00,54.00,5.00,2.00,125.00,22.00,35.00,3.00,1.00,1.00,1.00,535.00,144.00,147.00,73.00,682.00,21.00,30.00,3.00,3.00,15.00,25.00,32.00,33.00,1.25,24.00,0.00,2.00,2.00,3.00,2.00,5.00,0.19,4.00,0.00,0.00,0.00,1.00,0.00,32.00,20.00,15.00,10.00,7.00,10.00,33.00,30.30,23.00,411.00,106.00,25.80,122.00,159.00,130.00,37.00,6.00,0.00,31.00,17.00,54.00,49.00,41.00,0.00,1119.00,47.00,215.00,522.00,457.00,92.00,1065.00,28.00,51.00,54.90,29.00,4.00,747.00,3563.00,1799.00,97.00,32.00,17.00,53.00,35.00,1008.00,759.00,75.30,122.00,7.00,0.00,0.00,43.00,24.00,4.00,35.00,1.00,0.00,0.00,157.00,26.00,41.00,38.80,2372.00
Dani Ceballos,0.521788,0.72980108,0.870676412,0.79403789,es ESP,MF,Arsenal,23.00,1996.00,17.90,0.00,12.00,2.00,16.70,0.67,0.11,0.00,0.00,21.70,1.00,0.00,0.00,0.70,0.70,0.06,-0.70,-0.70,1112.00,1286.00,86.50,22027.00,5182.00,415.00,457.00,90.80,511.00,558.00,91.60,172.00,230.00,74.80,3.00,2.90,0.10,27.00,131.00,22.00,3.00,107.00,1234.00,52.00,26.00,7.00,151.00,45.00,13.00,17.00,6.00,6.00,2.00,967.00,152.00,167.00,73.00,1164.00,31.00,8.00,5.00,1.00,17.00,26.00,28.00,55.00,3.07,48.00,3.00,1.00,1.00,1.00,1.00,5.00,0.28,4.00,0.00,0.00,1.00,0.00,0.00,40.00,33.00,19.00,12.00,9.00,13.00,49.00,26.50,36.00,281.00,75.00,26.70,121.00,100.00,60.00,29.00,7.00,1.00,22.00,24.00,53.00,64.00,21.00,0.00,1462.00,71.00,363.00,863.00,371.00,29.00,1412.00,26.00,36.00,72.20,26.00,4.00,1058.00,6937.00,3720.00,165.00,48.00,2.00,13.00,21.00,1117.00,1075.00,96.20,45.00,4.00,0.00,0.00,21.00,30.00,0.00,13.00,0.00,0.00,0.00,196.00,7.00,12.00,36.80,1615.00
John Fleck,0.1963643,0.53425806,0.5363826,0.632121753,sct SCO,MF,Sheffield Utd,28.00,1991.00,28.60,0.00,17.00,5.00,29.40,0.59,0.17,0.00,0.00,23.00,0.00,0.00,0.00,0.90,0.90,0.05,-0.90,-0.90,946.00,1213.00,78.00,15645.00,4958.00,495.00,544.00,91.00,315.00,384.00,82.00,104.00,226.00,46.00,2.00,2.70,-0.70,34.00,113.00,25.00,4.00,103.00,1102.00,111.00,30.00,2.00,154.00,38.00,35.00,59.00,28.00,13.00,10.00,812.00,159.00,242.00,1048.00,91.00,45.00,6.00,15.00,3.00,16.00,28.00,24.00,66.00,2.31,46.00,13.00,3.00,2.00,1.00,1.00,3.00,0.10,2.00,1.00,0.00,0.00,0.00,0.00,46.00,27.00,26.00,16.00,4.00,16.00,69.00,23.20,53.00,506.00,127.00,25.10,178.00,246.00,82.00,37.00,5.00,0.00,32.00,39.00,76.00,85.00,18.00,1.00,1451.00,38.00,255.00,740.00,552.00,31.00,1345.00,36.00,54.00,66.70,38.00,4.00,898.00,4232.00,2679.00,129.00,50.00,5.00,21.00,35.00,1049.00,946.00,90.20,55.00,4.00,0.00,0.00,42.00,35.00,1.00,35.00,0.00,0.00,0.00,235.00,9.00,19.00,32.10,2575.00
Jack Harrison,0.93023476,1.00000024,0.944214162,0.66440606,eng ENG,MF,Leeds United,23.00,1996.00,31.60,8.00,47.00,19.00,40.40,1.49,0.60,0.17,0.42,15.30,1.00,0.00,0.00,6.60,6.60,0.14,1.40,1.40,788.00,1162.00,67.80,13468.00,4538.00,399.00,506.00,78.90,301.00,398.00,75.60,75.00,186.00,40.30,8.00,7.10,0.90,58.00,37.00,65.00,20.00,111.00,1101.00,61.00,8.00,4.00,196.00,44.00,119.00,37.00,23.00,9.00,0.00,723.00,182.00,257.00,796.00,282.00,39.00,16.00,8.00,9.00,23.00,40.00,72.00,104.00,3.29,88.00,5.00,5.00,2.00,2.00,2.00,15.00,0.47,11.00,1.00,2.00,0.00,0.00,1.00,67.00,35.00,29.00,25.00,13.00,19.00,51.00,37.30,32.00,631.00,174.00,27.60,166.00,226.00,239.00,39.00,3.00,0.00,36.00,25.00,64.00,92.00,26.00,0.00,1557.00,40.00,295.00,561.00,800.00,119.00,1498.00,46.00,78.00,59.00,49.00,3.00,1117.00,6432.00,3767.00,202.00,48.00,31.00,75.00,67.00,1435.00,1097.00,76.40,189.00,2.00,0.00,0.00,33.00,33.00,12.00,119.00,0.00,0.00,0.00,208.00,30.00,41.00,42.30,2847.00
Mateusz Klich,0.94068625,0.88571601,0.7678499,0.8153508,pl POL,MF,Leeds United,30.00,1990.00,26.60,4.00,34.00,10.00,29.40,1.28,0.38,0.06,0.20,22.00,0.00,2.00,2.00,3.30,1.80,0.05,0.70,0.20,1185.00,1495.00,79.30,20394.00,5286.00,580.00,666.00,87.10,427.00,517.00,82.60,136.00,221.00,61.50,5.00,3.90,1.10,46.00,105.00,41.00,6.00,140.00,1432.00,63.00,37.00,6.00,199.00,28.00,37.00,18.00,3.00,11.00,1.00,1064.00,195.00,236.00,100.00,1306.00,63.00,7.00,5.00,6.00,24.00,44.00,48.00,97.00,3.65,81.00,7.00,2.00,5.00,2.00,0.00,13.00,0.49,11.00,1.00,1.00,0.00,0.00,0.00,52.00,43.00,19.00,25.00,8.00,10.00,59.00,16.90,49.00,570.00,165.00,28.90,129.00,319.00,122.00,21.00,4.00,0.00,17.00,17.00,38.00,69.00,23.00,0.00,1718.00,32.00,272.00,877.00,685.00,73.00,1657.00,13.00,24.00,54.20,16.00,3.00,1080.00,5996.00,2941.00,145.00,65.00,4.00,30.00,27.00,1511.00,1252.00,82.90,189.00,6.00,0.00,0.00,50.00,24.00,5.00,37.00,0.00,1.00,0.00,267.00,17.00,21.00,44.70,2393.00
Andre-Frank Zambo Anguissa,0.3908864,0.47175372,0.811881766,0.859136438,cm CMR,MF,Fulham,24.00,1995.00,28.70,0.00,34.00,8.00,23.50,1.18,0.28,0.00,0.00,20.50,0.00,0.00,0.00,1.80,1.80,0.05,-1.80,-1.80,1197.00,1410.00,84.90,20529.00,4894.00,552.00,631.00,87.50,530.00,589.00,90.00,90.00,132.00,68.20,3.00,2.20,0.80,27.00,134.00,23.00,5.00,114.00,1388.00,22.00,17.00,4.00,212.00,24.00,13.00,0.00,0.00,0.00,0.00,1113.00,141.00,156.00,202.00,1110.00,48.00,5.00,6.00,0.00,20.00,32.00,31.00,57.00,1.98,43.00,0.00,8.00,2.00,3.00,1.00,6.00,0.21,4.00,0.00,2.00,0.00,0.00,0.00,87.00,53.00,27.00,46.00,14.00,23.00,57.00,40.40,34.00,562.00,164.00,29.20,172.00,275.00,115.00,47.00,7.00,0.00,40.00,55.00,102.00,142.00,34.00,1.00,1811.00,48.00,403.00,1105.00,469.00,53.00,1790.00,87.00,119.00,73.10,90.00,3.00,1332.00,7766.00,4026.00,176.00,64.00,13.00,60.00,62.00,1388.00,1211.00,87.20,83.00,6.00,0.00,0.00,50.00,45.00,0.00,13.00,0.00,0.00,0.00,330.00,55.00,38.00,59.10,2587.00
Mario Lemina,0.20298962,0.3915388,0.64712974,0.78273324,ga GAB,MF,Fulham,26.00,1993.00,18.90,1.00,18.00,2.00,11.10,0.95,0.11,0.06,0.50,23.60,0.00,0.00,0.00,0.90,0.90,0.05,0.10,0.10,734.00,860.00,85.30,15079.00,3711.00,244.00,278.00,87.80,358.00,399.00,89.70,116.00,163.00,71.20,0.00,0.80,-0.80,10.00,60.00,15.00,1.00,56.00,842.00,18.00,15.00,1.00,84.00,24.00,5.00,0.00,0.00,0.00,0.00,674.00,74.00,112.00,125.00,684.00,35.00,2.00,2.00,1.00,17.00,18.00,8.00,25.00,1.32,17.00,0.00,5.00,1.00,1.00,1.00,2.00,0.11,0.00,0.00,0.00,0.00,1.00,1.00,61.00,36.00,30.00,23.00,8.00,19.00,40.00,47.50,21.00,319.00,105.00,32.90,124.00,153.00,42.00,28.00,6.00,0.00,22.00,43.00,71.00,104.00,37.00,0.00,1099.00,54.00,345.00,651.00,187.00,11.00,1082.00,28.00,39.00,71.80,30.00,3.00,710.00,4144.00,2114.00,85.00,18.00,1.00,17.00,25.00,758.00,702.00,92.60,19.00,5.00,0.00,0.00,38.00,19.00,0.00,5.00,1.00,0.00,0.00,191.00,19.00,27.00,41.30,1703.00
Yves Bissouma,0.1101687,0.35800023,0.557262038,0.80426564,ml MLI,MF,Brighton,23.00,1996.00,34.60,1.00,42.00,3.00,7.10,1.22,0.09,0.02,0.33,25.30,2.00,0.00,0.00,1.20,1.20,0.03,-0.20,-0.20,1461.00,1676.00,87.20,29183.00,5414.00,517.00,583.00,88.70,693.00,757.00,91.50,229.00,293.00,78.20,0.00,1.00,-1.00,15.00,123.00,21.00,2.00,114.00,1639.00,37.00,32.00,5.00,265.00,44.00,8.00,0.00,0.00,0.00,0.00,1300.00,201.00,175.00,157.00,1420.00,50.00,4.00,12.00,1.00,33.00,41.00,24.00,52.00,1.50,42.00,0.00,1.00,2.00,3.00,4.00,2.00,0.06,2.00,0.00,0.00,0.00,0.00,0.00,114.00,74.00,59.00,47.00,8.00,26.00,71.00,36.60,45.00,540.00,187.00,34.60,229.00,256.00,55.00,56.00,8.00,0.00,48.00,60.00,116.00,174.00,67.00,0.00,2098.00,108.00,587.00,1221.00,458.00,14.00,2067.00,50.00,76.00,65.80,53.00,3.00,1469.00,8941.00,4093.00,157.00,62.00,2.00,31.00,31.00,1462.00,1382.00,94.50,26.00,8.00,1.00,0.00,64.00,41.00,0.00,8.00,0.00,0.00,0.00,364.00,38.00,22.00,63.30,3111.00
Sander Berge,0.1705942,0.4394404,0.825774768,0.6625412,no NOR,MF,Sheffield Utd,22.00,1998.00,12.40,1.00,9.00,1.00,11.10,0.72,0.08,0.00,0.00,17.80,0.00,1.00,1.00,1.20,0.50,0.05,-0.20,-0.50,380.00,464.00,81.90,6911.00,1423.00,164.00,197.00,83.20,163.00,184.00,88.60,45.00,63.00,71.40,1.00,1.20,-0.20,12.00,33.00,4.00,2.00,30.00,452.00,12.00,8.00,1.00,73.00,12.00,18.00,2.00,2.00,0.00,0.00,355.00,55.00,54.00,37.00,386.00,26.00,2.00,0.00,2.00,10.00,9.00,12.00,24.00,1.93,20.00,0.00,2.00,1.00,0.00,1.00,1.00,0.08,0.00,0.00,0.00,1.00,0.00,0.00,21.00,16.00,9.00,8.00,4.00,5.00,17.00,29.40,12.00,217.00,63.00,29.00,70.00,115.00,32.00,20.00,2.00,0.00,18.00,3.00,23.00,24.00,19.00,1.00,594.00,31.00,129.00,307.00,222.00,36.00,581.00,19.00,30.00,63.30,20.00,3.00,404.00,3093.00,1682.00,66.00,24.00,9.00,24.00,18.00,463.00,408.00,88.10,35.00,4.00,0.00,0.00,20.00,6.00,2.00,18.00,0.00,0.00,0.00,101.00,16.00,15.00,51.60,1120.00
Ruben Loftus-Cheek,0.3414266,0.5667203,0.838998926,0.58592132,eng ENG,CM,Fulham,24.00,1996.00,21.20,1.00,37.00,8.00,21.60,1.74,0.38,0.03,0.13,15.10,0.00,0.00,0.00,3.10,3.10,0.08,-2.10,-2.10,595.00,716.00,83.10,9651.00,2183.00,293.00,341.00,85.90,244.00,276.00,88.40,42.00,59.00,71.20,0.00,1.40,-1.40,15.00,62.00,12.00,2.00,71.00,703.00,13.00,4.00,1.00,140.00,7.00,13.00,0.00,0.00,0.00,0.00,570.00,75.00,71.00,74.00,569.00,33.00,3.00,4.00,2.00,12.00,16.00,24.00,53.00,2.50,30.00,0.00,7.00,3.00,10.00,3.00,0.00,0.00,0.00,0.00,0.00,0.00,0.00,0.00,32.00,22.00,11.00,15.00,6.00,9.00,22.00,40.90,13.00,337.00,100.00,29.70,62.00,175.00,100.00,24.00,2.00,0.00,22.00,23.00,47.00,55.00,15.00,0.00,1013.00,21.00,132.00,594.00,370.00,75.00,1003.00,47.00,76.00,61.80,51.00,3.00,750.00,4556.00,2666.00,109.00,38.00,13.00,57.00,40.00,1109.00,752.00,67.80,120.00,3.00,0.00,0.00,36.00,60.00,3.00,13.00,1.00,0.00,0.00,134.00,43.00,81.00,34.70,1909.00
Pierre HÃ¸jbjerg,0.41678151,0.31895026,0.449770532,0.86870136,dk DEN,MF,Tottenham,24.00,1995.00,38.00,2.00,14.00,7.00,50.00,0.37,0.18,0.14,0.29,22.70,0.00,0.00,0.00,1.10,1.10,0.08,0.90,0.90,2389.00,2687.00,88.90,45264.00,12219.00,965.00,1054.00,91.60,1085.00,1188.00,91.30,309.00,400.00,77.30,4.00,1.90,2.10,17.00,235.00,20.00,4.00,193.00,2585.00,102.00,93.00,3.00,244.00,68.00,11.00,0.00,0.00,0.00,0.00,2152.00,239.00,296.00,351.00,2191.00,96.00,9.00,8.00,6.00,36.00,44.00,12.00,52.00,1.37,42.00,3.00,1.00,2.00,1.00,3.00,8.00,0.21,7.00,1.00,0.00,0.00,0.00,0.00,119.00,82.00,57.00,48.00,14.00,61.00,139.00,43.90,78.00,807.00,232.00,28.70,323.00,396.00,88.00,59.00,10.00,0.00,49.00,49.00,108.00,168.00,82.00,0.00,3050.00,128.00,789.00,2057.00,356.00,25.00,2964.00,25.00,38.00,65.80,26.00,2.00,2061.00,9170.00,4334.00,147.00,26.00,5.00,28.00,30.00,2284.00,2187.00,95.80,32.00,9.00,0.00,0.00,80.00,67.00,0.00,11.00,0.00,1.00,0.00,429.00,52.00,40.00,56.50,3420.00
Paul Pogba,0.66270255,0.8552689,0.806855,0.730955834,fr FRA,CM,Manchester Utd,27.00,1993.00,21.10,3.00,31.00,11.00,35.50,1.47,0.52,0.10,0.27,15.40,0.00,0.00,0.00,2.10,2.10,0.07,0.90,0.90,1112.00,1343.00,82.80,21208.00,5036.00,504.00,567.00,88.90,414.00,465.00,89.00,167.00,250.00,66.80,3.00,2.10,0.90,24.00,113.00,34.00,3.00,111.00,1313.00,30.00,26.00,6.00,262.00,76.00,24.00,0.00,0.00,0.00,0.00,1007.00,133.00,203.00,184.00,1085.00,31.00,4.00,4.00,8.00,15.00,36.00,28.00,68.00,3.23,48.00,1.00,4.00,5.00,7.00,3.00,7.00,0.33,2.00,0.00,2.00,1.00,2.00,0.00,37.00,26.00,15.00,18.00,4.00,13.00,35.00,37.10,22.00,299.00,99.00,33.10,88.00,129.00,82.00,22.00,1.00,0.00,21.00,25.00,47.00,62.00,47.00,0.00,1657.00,58.00,346.00,894.00,519.00,71.00,1635.00,45.00,74.00,60.80,49.00,2.00,1187.00,5456.00,2984.00,147.00,33.00,5.00,49.00,48.00,1446.00,1268.00,87.70,103.00,3.00,0.00,0.00,51.00,55.00,4.00,24.00,2.00,2.00,0.00,210.00,55.00,38.00,59.10,1897.00
Abdoulaye DoucourÃ©,0.34496,0.40618191,0.393336466,0.84935152,ml MLI,MF,Everton,27.00,1993.00,27.10,2.00,18.00,5.00,27.80,0.66,0.18,0.11,0.40,16.80,0.00,0.00,0.00,2.10,2.10,0.12,-0.10,-0.10,1146.00,1333.00,86.00,20026.00,4093.00,517.00,588.00,87.90,482.00,534.00,90.30,117.00,147.00,79.60,3.00,2.20,0.80,18.00,69.00,21.00,1.00,65.00,1318.00,15.00,12.00,3.00,205.00,17.00,10.00,1.00,0.00,0.00,0.00,1047.00,179.00,107.00,162.00,1074.00,60.00,2.00,5.00,2.00,6.00,30.00,33.00,41.00,1.51,36.00,1.00,1.00,1.00,0.00,2.00,5.00,0.18,5.00,0.00,0.00,0.00,0.00,0.00,56.00,42.00,30.00,19.00,7.00,17.00,45.00,37.80,28.00,544.00,158.00,29.00,228.00,219.00,97.00,43.00,9.00,0.00,34.00,35.00,78.00,91.00,29.00,1.00,1579.00,62.00,463.00,880.00,348.00,39.00,1566.00,17.00,28.00,60.70,18.00,2.00,968.00,4880.00,2440.00,81.00,33.00,1.00,30.00,30.00,1203.00,1064.00,88.40,79.00,6.00,0.00,0.00,34.00,16.00,0.00,10.00,0.00,0.00,0.00,304.00,37.00,26.00,58.70,2443.00
Thomas Partey,0.439495,0.3859057,0.897376627,0.8587223,gh GHA,CDM,Arsenal,27.00,1993.00,17.00,0.00,26.00,4.00,15.40,1.53,0.23,0.00,0.00,25.10,0.00,0.00,0.00,1.30,1.30,0.05,-1.30,-1.30,966.00,1112.00,86.90,18748.00,5119.00,381.00,419.00,90.90,422.00,467.00,90.40,142.00,193.00,73.60,2.00,1.00,1.00,12.00,124.00,10.00,0.00,108.00,1083.00,29.00,28.00,2.00,157.00,31.00,2.00,0.00,0.00,0.00,0.00,855.00,108.00,149.00,63.00,1003.00,26.00,1.00,5.00,4.00,20.00,26.00,13.00,29.00,1.70,28.00,0.00,1.00,0.00,0.00,0.00,4.00,0.23,3.00,0.00,1.00,0.00,0.00,0.00,47.00,30.00,21.00,22.00,4.00,18.00,47.00,38.30,29.00,276.00,95.00,34.40,111.00,122.00,43.00,29.00,5.00,0.00,24.00,26.00,55.00,73.00,25.00,0.00,1304.00,46.00,340.00,837.00,232.00,12.00,1281.00,23.00,32.00,71.90,24.00,2.00,975.00,4840.00,2821.00,128.00,47.00,1.00,7.00,21.00,963.00,935.00,97.10,18.00,5.00,0.00,0.00,24.00,23.00,0.00,2.00,0.00,0.00,0.00,198.00,22.00,21.00,51.20,1534.00
Moussa Djenepo,0.55063248,0.54435524,1,0.837981427,ml MLI,MF,Southampton,22.00,1998.00,13.80,1.00,14.00,2.00,14.30,1.02,0.15,0.07,0.50,19.10,0.00,0.00,0.00,0.90,0.90,0.06,0.10,0.10,295.00,400.00,73.80,4570.00,1263.00,160.00,192.00,83.30,111.00,139.00,79.90,18.00,33.00,54.50,0.00,0.60,-0.60,7.00,17.00,13.00,2.00,24.00,382.00,18.00,3.00,1.00,58.00,4.00,10.00,0.00,0.00,0.00,0.00,295.00,54.00,51.00,103.00,253.00,16.00,14.00,7.00,1.00,6.00,13.00,30.00,31.00,2.25,15.00,0.00,10.00,1.00,5.00,0.00,4.00,0.29,1.00,0.00,2.00,0.00,1.00,0.00,46.00,22.00,25.00,11.00,10.00,18.00,53.00,34.00,35.00,332.00,95.00,28.60,122.00,124.00,86.00,27.00,1.00,0.00,26.00,10.00,37.00,56.00,17.00,0.00,644.00,19.00,141.00,308.00,233.00,45.00,629.00,35.00,65.00,53.80,41.00,2.00,444.00,1912.00,995.00,62.00,16.00,11.00,39.00,23.00,524.00,392.00,74.80,64.00,5.00,0.00,0.00,34.00,44.00,3.00,10.00,1.00,1.00,0.00,119.00,11.00,33.00,25.00,1240.00
Joe Willock,0.999998,0.5635489,0.7172825,1.00000085,eng ENG,MF,Newcastle Utd,20.00,1999.00,10.90,8.00,17.00,12.00,70.60,1.56,1.10,0.47,0.67,13.20,0.00,0.00,1.00,3.60,2.60,0.16,4.40,5.40,180.00,234.00,76.90,2983.00,1140.00,89.00,102.00,87.30,63.00,82.00,76.80,18.00,33.00,54.50,0.00,0.70,-0.70,8.00,19.00,7.00,2.00,28.00,229.00,5.00,1.00,0.00,54.00,5.00,10.00,0.00,0.00,0.00,0.00,168.00,35.00,31.00,26.00,188.00,8.00,3.00,2.00,0.00,3.00,11.00,9.00,27.00,2.48,17.00,0.00,3.00,3.00,3.00,1.00,3.00,0.28,1.00,0.00,1.00,1.00,0.00,0.00,34.00,25.00,20.00,10.00,4.00,11.00,48.00,22.90,37.00,331.00,60.00,18.10,141.00,129.00,61.00,30.00,5.00,0.00,25.00,32.00,62.00,66.00,15.00,0.00,419.00,22.00,137.00,179.00,138.00,39.00,415.00,22.00,34.00,64.70,22.00,2.00,280.00,1547.00,957.00,37.00,13.00,6.00,20.00,22.00,317.00,211.00,66.60,32.00,0.00,0.00,0.00,15.00,23.00,0.00,10.00,1.00,1.00,0.00,80.00,13.00,25.00,34.20,978.00
Giovani Lo Celso,0.535135,0.6528941,0.767336148,1.00000051,ar ARG,MF,Tottenham,24.00,1996.00,10.50,1.00,15.00,5.00,33.30,1.43,0.48,0.07,0.20,17.80,1.00,0.00,0.00,1.20,1.20,0.08,-0.20,-0.20,465.00,589.00,78.90,8364.00,2205.00,223.00,251.00,88.80,170.00,206.00,82.50,62.00,101.00,61.40,1.00,1.30,-0.30,14.00,44.00,11.00,0.00,58.00,535.00,54.00,22.00,2.00,108.00,16.00,3.00,26.00,19.00,1.00,6.00,418.00,74.00,97.00,519.00,46.00,8.00,1.00,6.00,2.00,4.00,22.00,17.00,30.00,2.86,21.00,3.00,0.00,1.00,4.00,1.00,3.00,0.29,3.00,0.00,0.00,0.00,0.00,0.00,33.00,23.00,16.00,11.00,6.00,10.00,31.00,32.30,21.00,290.00,91.00,31.40,94.00,148.00,48.00,11.00,1.00,0.00,10.00,8.00,19.00,41.00,9.00,0.00,714.00,16.00,125.00,389.00,251.00,25.00,663.00,14.00,19.00,73.70,14.00,2.00,483.00,2595.00,1456.00,59.00,23.00,6.00,11.00,25.00,584.00,488.00,83.60,38.00,5.00,0.00,0.00,24.00,21.00,0.00,3.00,0.00,0.00,0.00,105.00,11.00,18.00,37.90,945.00
Granit Xhaka,0.20843544,0.4947346,0.63313994,0.79425935,ch SUI,CDM,Arsenal,27.00,1992.00,28.00,1.00,21.00,6.00,28.60,0.75,0.21,0.05,0.17,25.80,7.00,0.00,0.00,0.80,0.80,0.04,0.20,0.20,1945.00,2164.00,89.90,39353.00,10257.00,702.00,767.00,91.50,912.00,975.00,93.50,310.00,374.00,82.90,2.00,1.60,0.40,18.00,268.00,29.00,1.00,213.00,2072.00,92.00,56.00,4.00,233.00,71.00,6.00,0.00,0.00,0.00,0.00,1666.00,240.00,258.00,1724.00,276.00,92.00,35.00,6.00,2.00,18.00,39.00,25.00,40.00,1.43,36.00,0.00,0.00,2.00,2.00,0.00,3.00,0.11,3.00,0.00,0.00,0.00,0.00,0.00,58.00,37.00,23.00,22.00,13.00,33.00,64.00,51.60,31.00,346.00,96.00,27.70,108.00,161.00,77.00,33.00,7.00,0.00,26.00,25.00,58.00,83.00,55.00,1.00,2397.00,104.00,615.00,1537.00,407.00,12.00,2312.00,10.00,19.00,52.60,11.00,2.00,1723.00,8754.00,4786.00,159.00,40.00,0.00,7.00,19.00,1881.00,1795.00,95.40,26.00,7.00,1.00,0.00,47.00,43.00,1.00,6.00,0.00,0.00,0.00,317.00,46.00,33.00,58.20,2522.00
Conor Gallagher,0.23625786,0.33284944,0.402732322,0.816655937,eng ENG,MF,West Brom,20.00,2000.00,28.10,2.00,29.00,7.00,24.10,1.03,0.25,0.07,0.29,20.70,0.00,0.00,0.00,1.80,1.80,0.06,0.20,0.20,742.00,953.00,77.90,13360.00,3015.00,338.00,401.00,84.30,284.00,321.00,88.50,97.00,177.00,54.80,2.00,1.60,0.40,18.00,76.00,15.00,2.00,54.00,901.00,52.00,15.00,0.00,180.00,28.00,32.00,25.00,13.00,3.00,4.00,648.00,116.00,189.00,94.00,786.00,48.00,2.00,4.00,2.00,14.00,32.00,28.00,41.00,1.46,24.00,7.00,3.00,1.00,5.00,1.00,3.00,0.11,2.00,1.00,0.00,0.00,0.00,0.00,82.00,53.00,31.00,40.00,11.00,22.00,97.00,22.70,75.00,708.00,180.00,25.40,232.00,344.00,132.00,63.00,8.00,0.00,55.00,39.00,102.00,121.00,30.00,1.00,1331.00,67.00,307.00,698.00,418.00,44.00,1284.00,37.00,59.00,62.70,39.00,2.00,892.00,4635.00,1942.00,80.00,26.00,9.00,42.00,45.00,914.00,777.00,85.00,69.00,11.00,0.00,0.00,63.00,75.00,0.00,32.00,0.00,0.00,0.00,271.00,24.00,37.00,39.30,2531.00
Georginio Wijnaldum,0.2493172,0.38283574,0.666507155,0.68573565,nl NED,MF,Liverpool,29.00,1990.00,32.70,2.00,31.00,9.00,29.00,0.95,0.28,0.06,0.22,16.90,1.00,0.00,0.00,3.20,3.20,0.10,-1.20,-1.20,1630.00,1747.00,93.30,28047.00,5426.00,780.00,824.00,94.70,663.00,699.00,94.80,153.00,171.00,89.50,0.00,1.70,-1.70,22.00,140.00,21.00,1.00,93.00,1710.00,37.00,22.00,1.00,264.00,25.00,4.00,0.00,0.00,0.00,0.00,1476.00,142.00,129.00,126.00,1529.00,42.00,14.00,8.00,1.00,12.00,25.00,12.00,53.00,1.62,46.00,0.00,2.00,2.00,3.00,0.00,2.00,0.06,1.00,0.00,0.00,1.00,0.00,0.00,30.00,24.00,9.00,16.00,5.00,9.00,34.00,26.50,25.00,425.00,154.00,36.20,122.00,215.00,88.00,37.00,3.00,0.00,34.00,25.00,62.00,55.00,24.00,1.00,1983.00,40.00,339.00,1285.00,540.00,47.00,1949.00,34.00,51.00,66.70,36.00,2.00,1516.00,8574.00,4054.00,173.00,73.00,6.00,24.00,26.00,1666.00,1505.00,90.30,80.00,1.00,0.00,0.00,19.00,34.00,0.00,4.00,0.00,0.00,0.00,295.00,37.00,50.00,42.50,2941.00
Robbie Brady,0.387315,0.33362715,0.469569182,0.6752524,ie IRL,MF,Burnley,28.00,1992.00,11.70,1.00,16.00,5.00,31.30,1.37,0.43,0.06,0.20,19.80,4.00,0.00,0.00,0.80,0.80,0.05,0.20,0.20,266.00,393.00,67.70,4703.00,1627.00,133.00,161.00,82.60,88.00,129.00,68.20,34.00,78.00,43.60,1.00,0.90,0.10,7.00,23.00,6.00,4.00,32.00,376.00,17.00,7.00,3.00,89.00,12.00,25.00,3.00,2.00,0.00,0.00,197.00,74.00,122.00,271.00,61.00,41.00,7.00,0.00,1.00,11.00,9.00,12.00,17.00,1.45,12.00,2.00,0.00,2.00,0.00,1.00,1.00,0.09,0.00,1.00,0.00,0.00,0.00,0.00,22.00,12.00,12.00,3.00,7.00,9.00,31.00,29.00,22.00,181.00,41.00,22.70,62.00,75.00,44.00,25.00,2.00,0.00,23.00,9.00,34.00,31.00,24.00,1.00,526.00,43.00,118.00,237.00,206.00,23.00,506.00,15.00,21.00,71.40,17.00,2.00,309.00,1877.00,874.00,48.00,12.00,5.00,16.00,11.00,385.00,299.00,77.70,30.00,3.00,0.00,0.00,24.00,10.00,2.00,25.00,0.00,0.00,0.00,110.00,21.00,20.00,51.20,1052.00
JaÃ¯ro Riedewald,0.1587388,0.22861405,0.28781586,0.6512488,nl NED,MF,Crystal Palace,23.00,1996.00,20.20,2.00,8.00,2.00,25.00,0.40,0.10,0.25,1.00,19.60,0.00,0.00,0.00,0.70,0.70,0.08,1.30,1.30,533.00,628.00,84.90,9123.00,2310.00,251.00,283.00,88.70,214.00,245.00,87.30,55.00,76.00,72.40,0.00,1.00,-1.00,11.00,46.00,8.00,0.00,42.00,617.00,11.00,7.00,0.00,96.00,7.00,5.00,0.00,0.00,0.00,0.00,478.00,75.00,75.00,502.00,82.00,31.00,2.00,3.00,2.00,8.00,18.00,6.00,19.00,0.94,18.00,0.00,0.00,1.00,0.00,0.00,0.00,0.00,0.00,0.00,0.00,0.00,0.00,0.00,33.00,21.00,15.00,15.00,3.00,13.00,37.00,35.10,24.00,297.00,85.00,28.60,114.00,148.00,35.00,46.00,7.00,0.00,39.00,24.00,70.00,57.00,29.00,0.00,807.00,44.00,222.00,474.00,160.00,15.00,798.00,12.00,22.00,54.50,14.00,2.00,480.00,2399.00,1155.00,41.00,13.00,4.00,16.00,11.00,550.00,477.00,86.70,30.00,4.00,0.00,0.00,25.00,9.00,0.00,5.00,0.00,0.00,0.00,160.00,14.00,15.00,48.30,1820.00
Stuart Armstrong,0.9456526,0.69766958,0.800120224,0.66961348,sct SCO,MF,Southampton,28.00,1992.00,30.70,4.00,54.00,12.00,22.20,1.76,0.39,0.07,0.33,20.80,0.00,0.00,0.00,3.00,3.00,0.05,1.00,1.00,1002.00,1258.00,79.70,16614.00,4712.00,515.00,604.00,85.30,383.00,444.00,86.30,85.00,127.00,66.90,5.00,2.70,2.30,34.00,90.00,40.00,5.00,116.00,1181.00,77.00,14.00,7.00,268.00,19.00,26.00,1.00,0.00,0.00,0.00,961.00,172.00,125.00,229.00,965.00,39.00,16.00,3.00,2.00,12.00,44.00,65.00,82.00,2.67,58.00,3.00,6.00,5.00,6.00,4.00,15.00,0.49,7.00,0.00,2.00,3.00,2.00,1.00,70.00,41.00,27.00,30.00,13.00,30.00,80.00,37.50,50.00,490.00,142.00,29.00,166.00,215.00,109.00,30.00,1.00,0.00,29.00,31.00,61.00,101.00,21.00,1.00,1664.00,48.00,285.00,971.00,577.00,66.00,1591.00,56.00,98.00,57.10,59.00,1.00,1159.00,7421.00,4290.00,187.00,75.00,11.00,53.00,70.00,1380.00,1135.00,82.20,116.00,3.00,0.00,0.00,37.00,39.00,4.00,26.00,0.00,0.00,0.00,270.00,8.00,23.00,25.80,2764.00
John McGinn,0.62791888,0.66809236,0.385765049,0.637346,sct SCO,MF,Aston Villa,25.00,1994.00,37.00,3.00,46.00,11.00,23.90,1.24,0.30,0.07,0.27,22.10,0.00,0.00,0.00,2.20,2.20,0.05,0.80,0.80,1080.00,1398.00,77.30,23733.00,7706.00,360.00,418.00,86.10,466.00,569.00,81.90,227.00,349.00,65.00,5.00,3.00,2.00,40.00,179.00,44.00,6.00,179.00,1326.00,72.00,37.00,8.00,252.00,86.00,30.00,10.00,2.00,5.00,0.00,901.00,165.00,332.00,1069.00,250.00,46.00,6.00,2.00,14.00,27.00,54.00,33.00,100.00,2.70,82.00,2.00,3.00,2.00,9.00,2.00,12.00,0.32,8.00,1.00,1.00,1.00,1.00,0.00,74.00,46.00,24.00,38.00,12.00,23.00,77.00,29.90,54.00,649.00,168.00,25.90,206.00,330.00,113.00,39.00,5.00,0.00,34.00,45.00,84.00,119.00,30.00,2.00,1774.00,71.00,340.00,1026.00,525.00,58.00,1714.00,56.00,75.00,74.70,57.00,1.00,1212.00,5366.00,2906.00,124.00,42.00,3.00,37.00,58.00,1358.00,1182.00,87.00,105.00,12.00,0.00,0.00,56.00,94.00,2.00,30.00,1.00,0.00,0.00,304.00,27.00,50.00,35.10,3330.00
Ä°lkay GÃ¼ndoÄan,1.0000006,0.89255467,0.9999994,0.5315024,de GER,MF,Manchester City,29.00,1990.00,22.50,13.00,52.00,21.00,40.40,2.31,0.93,0.23,0.57,16.50,4.00,1.00,2.00,9.00,7.50,0.14,4.00,4.50,1553.00,1707.00,91.00,26232.00,4924.00,786.00,832.00,94.50,603.00,648.00,93.10,138.00,181.00,76.20,2.00,4.50,-2.50,42.00,140.00,35.00,2.00,118.00,1654.00,53.00,27.00,4.00,192.00,34.00,19.00,20.00,4.00,6.00,1.00,1425.00,146.00,136.00,504.00,1159.00,26.00,3.00,6.00,5.00,12.00,25.00,16.00,82.00,3.64,61.00,4.00,8.00,5.00,2.00,2.00,10.00,0.44,3.00,1.00,3.00,1.00,1.00,1.00,25.00,18.00,9.00,10.00,6.00,8.00,37.00,21.60,29.00,215.00,65.00,30.20,46.00,102.00,67.00,15.00,4.00,0.00,11.00,19.00,34.00,44.00,14.00,0.00,1908.00,26.00,237.00,1091.00,728.00,92.00,1854.00,29.00,42.00,69.00,32.00,1.00,1367.00,7023.00,3676.00,175.00,65.00,15.00,21.00,14.00,1741.00,1583.00,90.90,115.00,1.00,0.00,0.00,14.00,28.00,1.00,19.00,1.00,0.00,0.00,170.00,14.00,16.00,46.70,2029.00
Rodri,0.4906426,0.5422532,0.78524354,1.00000086,es ESP,CDM,Manchester City,24.00,1996.00,30.50,2.00,31.00,7.00,22.60,1.02,0.23,0.03,0.14,19.40,0.00,1.00,1.00,2.50,1.70,0.06,-0.50,-0.70,2495.00,2728.00,91.50,50166.00,10296.00,938.00,998.00,94.00,1102.00,1180.00,93.40,427.00,495.00,86.30,2.00,1.70,0.30,27.00,239.00,17.00,1.00,156.00,2689.00,39.00,38.00,3.00,404.00,97.00,12.00,0.00,0.00,0.00,0.00,2136.00,222.00,370.00,429.00,2146.00,84.00,1.00,9.00,0.00,16.00,35.00,22.00,73.00,2.39,58.00,1.00,6.00,3.00,1.00,4.00,8.00,0.26,6.00,0.00,1.00,0.00,0.00,1.00,83.00,60.00,32.00,38.00,13.00,31.00,72.00,43.10,41.00,514.00,196.00,38.10,169.00,272.00,73.00,42.00,13.00,0.00,29.00,40.00,82.00,123.00,73.00,2.00,3023.00,114.00,635.00,1985.00,561.00,52.00,2993.00,29.00,35.00,82.90,29.00,1.00,2146.00,9800.00,4860.00,192.00,47.00,10.00,18.00,22.00,2375.00,2315.00,97.50,38.00,6.00,0.00,0.00,57.00,38.00,3.00,12.00,0.00,0.00,0.00,417.00,91.00,28.00,76.50,2748.00
Jonjo Shelvey,0.5152082,0.53517568,0.277984553,0.603512024,eng ENG,MF,Newcastle Utd,28.00,1992.00,29.10,1.00,42.00,9.00,21.40,1.44,0.31,0.02,0.11,23.20,11.00,0.00,0.00,2.50,2.50,0.06,-1.50,-1.50,1047.00,1418.00,73.80,25957.00,7702.00,316.00,366.00,86.30,433.00,522.00,83.00,291.00,504.00,57.70,3.00,2.70,0.30,38.00,132.00,23.00,5.00,110.00,1275.00,143.00,83.00,6.00,211.00,137.00,37.00,47.00,17.00,16.00,7.00,776.00,170.00,472.00,157.00,1175.00,59.00,1.00,6.00,2.00,30.00,30.00,22.00,66.00,2.27,37.00,25.00,0.00,2.00,1.00,1.00,8.00,0.28,5.00,3.00,0.00,0.00,0.00,0.00,48.00,25.00,26.00,18.00,4.00,12.00,51.00,23.50,39.00,387.00,76.00,19.60,165.00,170.00,52.00,35.00,12.00,1.00,23.00,43.00,78.00,91.00,67.00,0.00,1672.00,86.00,525.00,893.00,343.00,23.00,1520.00,23.00,29.00,79.30,25.00,1.00,978.00,4791.00,2117.00,71.00,24.00,1.00,7.00,12.00,1113.00,1055.00,94.80,26.00,7.00,0.00,0.00,40.00,11.00,0.00,37.00,0.00,0.00,0.00,244.00,34.00,26.00,56.70,2617.00
Gylfi SigurÃ°sson,0.5088472,0.7141855,0.208153931,0.60065329,is ISL,MF,Everton,30.00,1989.00,25.00,6.00,45.00,12.00,26.70,1.80,0.48,0.07,0.25,21.30,7.00,3.00,4.00,6.80,3.70,0.08,-0.80,-0.70,749.00,947.00,79.10,13596.00,3452.00,328.00,381.00,86.10,298.00,335.00,89.00,100.00,184.00,54.30,5.00,5.00,0.00,45.00,52.00,22.00,5.00,62.00,822.00,125.00,37.00,3.00,154.00,35.00,31.00,58.00,32.00,20.00,5.00,682.00,104.00,161.00,183.00,729.00,24.00,3.00,1.00,5.00,8.00,20.00,25.00,67.00,2.68,37.00,23.00,0.00,6.00,1.00,0.00,6.00,0.24,3.00,2.00,0.00,1.00,0.00,0.00,35.00,21.00,10.00,18.00,7.00,11.00,39.00,28.20,28.00,476.00,114.00,23.90,120.00,244.00,112.00,48.00,4.00,0.00,44.00,31.00,79.00,66.00,21.00,0.00,1226.00,33.00,216.00,601.00,452.00,49.00,1095.00,15.00,26.00,57.70,16.00,1.00,690.00,2584.00,1062.00,56.00,17.00,3.00,31.00,36.00,965.00,752.00,77.90,86.00,2.00,0.00,0.00,31.00,22.00,0.00,31.00,0.00,0.00,0.00,176.00,8.00,12.00,40.00,2253.00
Leander Dendoncker,0.4040122,0.35067336,0.283095084,0.69264034,be BEL,CDM,Wolves,25.00,1995.00,27.80,1.00,32.00,8.00,25.00,1.15,0.29,0.03,0.13,13.50,0.00,0.00,0.00,3.30,3.30,0.10,-2.30,-2.30,1021.00,1162.00,87.90,19322.00,4299.00,405.00,447.00,90.60,449.00,500.00,89.80,141.00,169.00,83.40,0.00,0.70,-0.70,16.00,64.00,8.00,2.00,62.00,1140.00,22.00,21.00,0.00,169.00,31.00,8.00,1.00,0.00,1.00,0.00,863.00,145.00,154.00,188.00,855.00,61.00,0.00,6.00,0.00,9.00,19.00,15.00,43.00,1.55,36.00,1.00,1.00,3.00,1.00,1.00,6.00,0.22,4.00,0.00,0.00,2.00,0.00,0.00,49.00,29.00,31.00,15.00,3.00,23.00,61.00,37.70,38.00,494.00,149.00,30.20,223.00,224.00,47.00,59.00,15.00,0.00,44.00,27.00,86.00,76.00,75.00,0.00,1444.00,104.00,447.00,823.00,243.00,59.00,1424.00,11.00,16.00,68.80,11.00,1.00,771.00,3806.00,1886.00,62.00,13.00,2.00,19.00,9.00,1094.00,949.00,86.70,51.00,4.00,0.00,0.00,37.00,15.00,4.00,8.00,0.00,0.00,1.00,232.00,83.00,51.00,61.90,2503.00
TomÃ¡Å¡ SouÄek,0.5481215,0.26866185,0.277864598,0.861161888,cz CZE,MF,West Ham,25.00,1995.00,38.00,10.00,64.00,23.00,35.90,1.68,0.61,0.16,0.43,11.40,0.00,0.00,0.00,9.20,9.20,0.15,0.80,0.80,1184.00,1539.00,76.90,21845.00,5546.00,525.00,667.00,78.70,467.00,598.00,78.10,164.00,216.00,75.90,1.00,1.50,-0.50,16.00,102.00,11.00,2.00,103.00,1512.00,27.00,22.00,1.00,373.00,39.00,10.00,3.00,1.00,2.00,0.00,928.00,229.00,382.00,152.00,1066.00,151.00,1.00,12.00,1.00,31.00,33.00,24.00,45.00,1.18,31.00,2.00,1.00,7.00,4.00,0.00,5.00,0.13,3.00,0.00,0.00,2.00,0.00,0.00,83.00,50.00,41.00,34.00,8.00,25.00,86.00,29.10,61.00,603.00,163.00,27.00,221.00,291.00,91.00,56.00,21.00,0.00,35.00,55.00,111.00,138.00,145.00,1.00,2020.00,174.00,595.00,1101.00,430.00,102.00,1997.00,16.00,26.00,61.50,17.00,1.00,947.00,4799.00,2040.00,84.00,35.00,3.00,34.00,24.00,1426.00,1154.00,80.90,63.00,7.00,1.00,0.00,88.00,50.00,3.00,10.00,0.00,1.00,1.00,463.00,228.00,134.00,63.00,3419.00
Fred,0.352613,0.57223924,0.523432578,0.97314378,br BRA,MF,Manchester Utd,27.00,1993.00,26.60,1.00,25.00,7.00,28.00,0.94,0.26,0.04,0.14,22.10,0.00,0.00,0.00,1.90,1.90,0.08,-0.90,-0.90,1555.00,1763.00,88.20,30912.00,7561.00,570.00,625.00,91.20,708.00,765.00,92.50,250.00,306.00,81.70,0.00,2.50,-2.50,24.00,174.00,18.00,0.00,149.00,1704.00,59.00,51.00,6.00,242.00,57.00,7.00,0.00,0.00,0.00,0.00,1424.00,179.00,160.00,1231.00,493.00,21.00,7.00,4.00,3.00,21.00,44.00,41.00,67.00,2.52,58.00,1.00,2.00,1.00,2.00,3.00,5.00,0.19,4.00,0.00,0.00,0.00,0.00,1.00,88.00,55.00,37.00,41.00,10.00,30.00,87.00,34.50,57.00,639.00,200.00,31.30,228.00,300.00,111.00,62.00,9.00,0.00,53.00,47.00,109.00,135.00,33.00,0.00,2092.00,77.00,532.00,1248.00,454.00,17.00,2044.00,24.00,32.00,75.00,29.00,1.00,1387.00,6574.00,3168.00,116.00,40.00,2.00,25.00,34.00,1560.00,1468.00,94.10,28.00,5.00,0.00,0.00,67.00,41.00,1.00,7.00,0.00,0.00,0.00,311.00,10.00,14.00,41.70,2390.00
Douglas Luiz,0.303014,0.33764606,0.399976646,0.8707483,br BRA,MF,Aston Villa,22.00,1998.00,30.90,0.00,26.00,7.00,26.90,0.84,0.23,0.00,0.00,22.40,1.00,0.00,0.00,1.50,1.50,0.06,-1.50,-1.50,1213.00,1431.00,84.80,25159.00,5671.00,426.00,472.00,90.30,536.00,596.00,89.90,226.00,302.00,74.80,2.00,1.50,0.50,19.00,127.00,15.00,3.00,106.00,1349.00,82.00,73.00,0.00,219.00,51.00,13.00,1.00,0.00,0.00,0.00,963.00,186.00,282.00,144.00,1145.00,93.00,1.00,15.00,5.00,21.00,29.00,29.00,46.00,1.49,42.00,2.00,0.00,1.00,1.00,0.00,5.00,0.16,5.00,0.00,0.00,0.00,0.00,0.00,63.00,43.00,28.00,30.00,5.00,18.00,60.00,30.00,42.00,617.00,160.00,25.90,240.00,304.00,73.00,60.00,18.00,0.00,42.00,33.00,93.00,96.00,49.00,0.00,1701.00,109.00,493.00,994.00,330.00,22.00,1635.00,24.00,33.00,72.70,25.00,1.00,1022.00,6002.00,3334.00,111.00,35.00,2.00,11.00,19.00,1101.00,1019.00,92.60,32.00,10.00,1.00,1.00,68.00,55.00,0.00,13.00,0.00,2.00,0.00,375.00,40.00,43.00,48.20,2781.00
Oriol Romeu,0.41161266,0.4364719,0.604943685,0.99999949,es ESP,MF,Southampton,28.00,1991.00,19.60,1.00,14.00,4.00,28.60,0.71,0.20,0.07,0.25,24.00,0.00,0.00,0.00,0.40,0.40,0.03,0.60,0.60,1042.00,1258.00,82.80,17575.00,3666.00,505.00,576.00,87.70,441.00,501.00,88.00,77.00,141.00,54.60,1.00,1.10,-0.10,14.00,62.00,15.00,1.00,87.00,1243.00,15.00,12.00,3.00,246.00,17.00,5.00,1.00,0.00,1.00,0.00,928.00,112.00,218.00,240.00,909.00,65.00,2.00,9.00,1.00,21.00,17.00,21.00,35.00,1.79,30.00,0.00,0.00,0.00,2.00,3.00,4.00,0.20,4.00,0.00,0.00,0.00,0.00,0.00,68.00,35.00,27.00,37.00,4.00,22.00,65.00,33.80,43.00,344.00,104.00,30.20,129.00,190.00,25.00,32.00,6.00,0.00,26.00,27.00,59.00,95.00,19.00,0.00,1462.00,51.00,338.00,974.00,244.00,10.00,1450.00,11.00,13.00,84.60,11.00,1.00,890.00,4505.00,2348.00,111.00,39.00,3.00,9.00,22.00,1056.00,996.00,94.30,23.00,6.00,0.00,0.00,40.00,28.00,0.00,5.00,0.00,0.00,0.00,279.00,35.00,28.00,55.60,1763.00
Jordan Henderson,0.3956562,0.74021861,0.872658315,0.896050436,eng ENG,CDM,Liverpool,30.00,1990.00,18.90,1.00,14.00,4.00,28.60,0.74,0.21,0.07,0.25,17.60,0.00,0.00,0.00,1.70,1.70,0.12,-0.70,-0.70,1572.00,1812.00,86.80,32801.00,8619.00,517.00,562.00,92.00,779.00,824.00,94.50,260.00,391.00,66.50,1.00,1.40,-0.40,12.00,206.00,30.00,1.00,145.00,1768.00,44.00,34.00,5.00,134.00,69.00,14.00,2.00,0.00,1.00,0.00,1341.00,167.00,304.00,226.00,1503.00,64.00,6.00,3.00,2.00,16.00,19.00,22.00,33.00,1.74,27.00,4.00,0.00,0.00,1.00,1.00,4.00,0.21,3.00,1.00,0.00,0.00,0.00,0.00,19.00,9.00,8.00,7.00,4.00,8.00,29.00,27.60,21.00,185.00,60.00,32.40,60.00,86.00,39.00,28.00,4.00,1.00,24.00,30.00,58.00,49.00,43.00,1.00,1952.00,75.00,516.00,1297.00,278.00,15.00,1912.00,7.00,13.00,53.80,7.00,1.00,1358.00,8228.00,4457.00,150.00,44.00,1.00,7.00,3.00,1577.00,1525.00,96.70,18.00,0.00,0.00,0.00,12.00,15.00,0.00,14.00,0.00,0.00,0.00,240.00,14.00,6.00,70.00,1704.00
Mateo KovaÄiÄ,0.3714428,0.6364003,0.931834614,0.70498316,hr CRO,MF,Chelsea,26.00,1994.00,20.20,0.00,23.00,4.00,17.40,1.14,0.20,0.00,0.00,22.90,0.00,0.00,0.00,1.00,1.00,0.04,-1.00,-1.00,1580.00,1737.00,91.00,30881.00,7418.00,619.00,665.00,93.10,725.00,773.00,93.80,216.00,266.00,81.20,1.00,1.80,-0.80,23.00,164.00,24.00,0.00,165.00,1710.00,27.00,24.00,5.00,160.00,53.00,6.00,0.00,0.00,0.00,0.00,1474.00,117.00,146.00,68.00,1637.00,18.00,2.00,3.00,3.00,16.00,27.00,18.00,49.00,2.43,42.00,0.00,2.00,1.00,3.00,1.00,4.00,0.20,4.00,0.00,0.00,0.00,0.00,0.00,55.00,36.00,24.00,26.00,5.00,10.00,33.00,30.30,23.00,334.00,116.00,34.70,99.00,168.00,67.00,15.00,1.00,0.00,14.00,22.00,37.00,77.00,13.00,1.00,1934.00,26.00,352.00,1317.00,417.00,17.00,1913.00,44.00,54.00,81.50,44.00,1.00,1497.00,8287.00,4242.00,193.00,58.00,4.00,20.00,30.00,1711.00,1630.00,95.30,45.00,4.00,0.00,0.00,21.00,55.00,0.00,6.00,0.00,0.00,0.00,158.00,11.00,10.00,52.40,1815.00
Harrison Reed,0.2250283,0.4001322,0.312210464,0.979328827,eng ENG,MF,Fulham,25.00,1995.00,25.00,0.00,13.00,4.00,30.80,0.52,0.16,0.00,0.00,25.60,0.00,0.00,0.00,0.30,0.30,0.02,-0.30,-0.30,1262.00,1460.00,86.40,24280.00,5739.00,467.00,506.00,92.30,625.00,688.00,90.80,155.00,228.00,68.00,2.00,1.40,0.60,22.00,86.00,18.00,4.00,97.00,1373.00,87.00,60.00,0.00,177.00,34.00,13.00,12.00,3.00,6.00,0.00,1086.00,158.00,216.00,158.00,1189.00,78.00,11.00,4.00,2.00,16.00,22.00,23.00,40.00,1.60,32.00,6.00,0.00,2.00,0.00,0.00,3.00,0.12,2.00,0.00,0.00,1.00,0.00,0.00,68.00,42.00,29.00,36.00,3.00,25.00,84.00,29.80,59.00,525.00,160.00,30.50,232.00,246.00,47.00,47.00,12.00,0.00,35.00,54.00,101.00,122.00,58.00,0.00,1709.00,84.00,465.00,1005.00,327.00,10.00,1632.00,15.00,21.00,71.40,17.00,1.00,1008.00,4553.00,2070.00,66.00,23.00,1.00,13.00,12.00,1129.00,1051.00,93.10,25.00,5.00,0.00,0.00,50.00,29.00,1.00,13.00,0.00,0.00,0.00,329.00,28.00,28.00,50.00,2247.00
Luka MilivojeviÄ,0.2143529,0.33748024,0.312115439,0.773185659,rs SRB,MF,Crystal Palace,29.00,1991.00,26.20,1.00,17.00,5.00,29.40,0.65,0.19,0.00,0.00,27.00,7.00,1.00,2.00,2.30,0.80,0.05,-1.30,-0.80,1029.00,1269.00,81.10,20757.00,6655.00,376.00,424.00,88.70,460.00,537.00,85.70,173.00,260.00,66.50,1.00,1.30,-0.30,20.00,104.00,13.00,2.00,108.00,1170.00,99.00,67.00,1.00,148.00,40.00,15.00,23.00,11.00,10.00,0.00,862.00,139.00,268.00,194.00,976.00,65.00,4.00,2.00,5.00,16.00,32.00,27.00,39.00,1.49,22.00,13.00,1.00,1.00,1.00,1.00,3.00,0.11,2.00,1.00,0.00,0.00,0.00,0.00,67.00,44.00,28.00,33.00,6.00,32.00,81.00,39.50,49.00,463.00,135.00,29.20,198.00,220.00,45.00,47.00,6.00,0.00,41.00,44.00,91.00,111.00,50.00,0.00,1529.00,89.00,473.00,932.00,217.00,8.00,1429.00,14.00,19.00,73.70,15.00,1.00,881.00,4169.00,1969.00,74.00,17.00,0.00,7.00,20.00,943.00,910.00,96.50,6.00,8.00,1.00,0.00,48.00,33.00,0.00,15.00,0.00,0.00,0.00,270.00,33.00,23.00,58.90,2359.00
John Lundstram,0.2488244,0.3716972,0.4351611,0.55985151,eng ENG,MF,Sheffield Utd,26.00,1994.00,22.60,0.00,19.00,4.00,21.10,0.84,0.18,0.00,0.00,23.20,1.00,0.00,1.00,2.00,1.30,0.07,-2.00,-1.30,843.00,1041.00,81.00,15138.00,3357.00,392.00,423.00,92.70,335.00,380.00,88.20,95.00,191.00,49.70,2.00,1.20,0.80,19.00,59.00,12.00,2.00,59.00,975.00,66.00,15.00,1.00,136.00,49.00,31.00,25.00,17.00,6.00,2.00,738.00,117.00,186.00,276.00,721.00,17.00,8.00,5.00,4.00,15.00,20.00,26.00,37.00,1.64,30.00,5.00,1.00,0.00,0.00,1.00,3.00,0.13,2.00,1.00,0.00,0.00,0.00,0.00,26.00,12.00,9.00,14.00,3.00,9.00,43.00,20.90,34.00,350.00,75.00,21.40,108.00,172.00,70.00,39.00,8.00,0.00,31.00,21.00,60.00,47.00,34.00,1.00,1244.00,46.00,256.00,619.00,457.00,33.00,1180.00,16.00,25.00,64.00,18.00,1.00,820.00,4479.00,1780.00,74.00,33.00,2.00,20.00,21.00,987.00,872.00,88.30,56.00,8.00,1.00,0.00,33.00,24.00,1.00,31.00,0.00,0.00,0.00,171.00,18.00,15.00,54.50,2032.00
Nampalys Mendy,0.231049,0.2098624,0.383943646,0.87916998,sn SEN,MF,Leicester City,28.00,1992.00,16.20,0.00,4.00,2.00,50.00,0.25,0.12,0.00,0.00,26.00,0.00,0.00,0.00,0.10,0.10,0.02,-0.10,-0.10,882.00,965.00,91.40,15259.00,3059.00,404.00,434.00,93.10,382.00,409.00,93.40,81.00,101.00,80.20,1.00,0.40,0.60,6.00,78.00,0.00,0.00,49.00,952.00,13.00,12.00,1.00,101.00,11.00,0.00,0.00,0.00,0.00,0.00,809.00,87.00,69.00,106.00,830.00,18.00,1.00,0.00,1.00,7.00,11.00,6.00,15.00,0.93,11.00,0.00,0.00,0.00,2.00,2.00,2.00,0.12,2.00,0.00,0.00,0.00,0.00,0.00,35.00,22.00,19.00,14.00,2.00,7.00,17.00,41.20,10.00,267.00,84.00,31.50,106.00,123.00,38.00,24.00,2.00,0.00,22.00,9.00,33.00,44.00,11.00,0.00,1110.00,28.00,246.00,734.00,193.00,1.00,1099.00,6.00,14.00,42.90,7.00,1.00,827.00,3597.00,1679.00,65.00,16.00,0.00,17.00,15.00,844.00,807.00,95.60,11.00,5.00,0.00,0.00,26.00,40.00,0.00,0.00,0.00,0.00,0.00,199.00,12.00,17.00,41.40,1459.00
Allan,0.1643506,0.39296382,0.632190315,1.000000512,br BRA,MF,Everton,29.00,1991.00,22.80,0.00,7.00,2.00,28.60,0.31,0.09,0.00,0.00,21.80,0.00,0.00,0.00,0.20,0.20,0.03,-0.20,-0.20,899.00,1048.00,85.80,16984.00,4349.00,369.00,401.00,92.00,382.00,428.00,89.30,129.00,178.00,72.50,0.00,0.90,-0.90,16.00,91.00,15.00,1.00,82.00,1014.00,34.00,22.00,0.00,148.00,14.00,3.00,0.00,0.00,0.00,0.00,768.00,140.00,140.00,113.00,894.00,28.00,5.00,4.00,3.00,11.00,26.00,20.00,38.00,1.67,32.00,0.00,4.00,1.00,1.00,0.00,2.00,0.09,2.00,0.00,0.00,0.00,0.00,0.00,75.00,54.00,39.00,33.00,3.00,28.00,94.00,29.80,66.00,673.00,191.00,28.40,269.00,360.00,44.00,39.00,13.00,0.00,26.00,23.00,62.00,98.00,30.00,0.00,1282.00,74.00,413.00,827.00,151.00,3.00,1249.00,28.00,43.00,65.10,29.00,1.00,809.00,4950.00,2935.00,96.00,32.00,2.00,14.00,22.00,871.00,835.00,95.90,17.00,6.00,0.00,0.00,52.00,38.00,0.00,3.00,0.00,0.00,0.00,221.00,6.00,13.00,31.60,2051.00
Dennis Praet,0.529293,0.45306268,0.488770269,0.590097976,be BEL,CM,Leicester City,26.00,1994.00,8.00,1.00,8.00,2.00,25.00,1.00,0.25,0.13,0.50,16.10,0.00,0.00,0.00,0.50,0.50,0.07,0.50,0.50,248.00,313.00,79.20,3875.00,850.00,135.00,150.00,90.00,92.00,119.00,77.30,14.00,30.00,46.70,1.00,0.80,0.20,7.00,10.00,7.00,2.00,20.00,308.00,5.00,0.00,0.00,56.00,9.00,18.00,0.00,0.00,0.00,0.00,215.00,54.00,44.00,22.00,269.00,16.00,1.00,0.00,1.00,4.00,8.00,6.00,13.00,1.63,12.00,0.00,0.00,0.00,0.00,1.00,2.00,0.25,2.00,0.00,0.00,0.00,0.00,0.00,12.00,7.00,5.00,6.00,1.00,6.00,14.00,42.90,8.00,132.00,32.00,24.20,36.00,64.00,32.00,14.00,2.00,0.00,12.00,9.00,23.00,21.00,3.00,0.00,393.00,6.00,59.00,175.00,178.00,26.00,388.00,10.00,16.00,62.50,11.00,1.00,249.00,1203.00,689.00,36.00,11.00,3.00,10.00,13.00,358.00,276.00,77.10,58.00,0.00,0.00,0.00,15.00,4.00,0.00,18.00,0.00,0.00,0.00,62.00,5.00,11.00,31.30,718.00
Thiago AlcÃ¡ntara,0.2286718,0.73397843,0.849487753,0.90038996,es ESP,MF,Liverpool,29.00,1991.00,20.60,1.00,22.00,5.00,22.70,1.07,0.24,0.05,0.20,21.00,1.00,0.00,0.00,1.40,1.40,0.06,-0.40,-0.40,1498.00,1674.00,89.50,31595.00,8231.00,522.00,564.00,92.60,672.00,725.00,92.70,278.00,338.00,82.20,0.00,2.30,-2.30,29.00,207.00,27.00,1.00,184.00,1630.00,44.00,32.00,9.00,230.00,85.00,4.00,0.00,0.00,0.00,0.00,1222.00,195.00,257.00,83.00,1510.00,48.00,3.00,6.00,5.00,18.00,35.00,23.00,61.00,2.96,51.00,2.00,3.00,2.00,1.00,2.00,2.00,0.10,2.00,0.00,0.00,0.00,0.00,0.00,68.00,43.00,27.00,29.00,12.00,19.00,50.00,38.00,31.00,462.00,135.00,29.20,120.00,232.00,110.00,28.00,1.00,0.00,27.00,42.00,70.00,110.00,21.00,0.00,1902.00,33.00,347.00,1228.00,460.00,18.00,1865.00,28.00,42.00,66.70,30.00,1.00,1358.00,5921.00,3222.00,154.00,58.00,4.00,15.00,18.00,1513.00,1432.00,94.60,38.00,4.00,0.00,0.00,52.00,41.00,0.00,4.00,0.00,1.00,0.00,236.00,34.00,23.00,59.60,1854.00
AndrÃ© Gomes,0.214719,0.4609139,0.474490134,0.86159038,pt POR,MF,Everton,27.00,1993.00,17.40,0.00,14.00,3.00,21.40,0.80,0.17,0.00,0.00,25.00,0.00,0.00,0.00,0.50,0.50,0.03,-0.50,-0.50,750.00,901.00,83.20,14845.00,3523.00,309.00,353.00,87.50,309.00,354.00,87.30,120.00,170.00,70.60,1.00,1.00,0.00,15.00,82.00,13.00,2.00,80.00,886.00,15.00,9.00,2.00,105.00,42.00,17.00,3.00,2.00,0.00,0.00,668.00,103.00,130.00,268.00,603.00,11.00,2.00,1.00,5.00,20.00,29.00,18.00,35.00,2.01,31.00,2.00,1.00,0.00,0.00,1.00,2.00,0.11,2.00,0.00,0.00,0.00,0.00,0.00,48.00,34.00,22.00,23.00,3.00,19.00,58.00,32.80,39.00,369.00,119.00,32.20,124.00,186.00,59.00,30.00,1.00,0.00,29.00,15.00,45.00,63.00,9.00,0.00,1083.00,32.00,246.00,665.00,253.00,16.00,1068.00,26.00,41.00,63.40,28.00,1.00,795.00,3914.00,1874.00,87.00,25.00,3.00,17.00,35.00,855.00,776.00,90.80,37.00,3.00,0.00,0.00,50.00,22.00,2.00,17.00,0.00,1.00,0.00,175.00,19.00,17.00,52.80,1570.00
James McArthur,0.229926,0.3170803,0.400954474,0.948083844,sct SCO,MF,Crystal Palace,32.00,1987.00,16.30,0.00,6.00,0.00,0.00,0.37,0.00,0.00,,19.20,0.00,0.00,0.00,0.20,0.20,0.04,-0.20,-0.20,627.00,769.00,81.50,11897.00,3424.00,240.00,276.00,87.00,288.00,327.00,88.10,83.00,128.00,64.80,2.00,0.90,1.10,13.00,63.00,6.00,0.00,60.00,727.00,42.00,17.00,0.00,140.00,15.00,7.00,0.00,0.00,0.00,0.00,523.00,101.00,145.00,197.00,503.00,40.00,8.00,3.00,3.00,15.00,23.00,22.00,19.00,1.17,18.00,0.00,0.00,0.00,1.00,0.00,2.00,0.12,2.00,0.00,0.00,0.00,0.00,0.00,56.00,26.00,29.00,22.00,5.00,18.00,45.00,40.00,27.00,378.00,102.00,27.00,159.00,182.00,37.00,39.00,4.00,0.00,35.00,23.00,62.00,79.00,25.00,0.00,953.00,50.00,276.00,590.00,139.00,19.00,912.00,17.00,22.00,77.30,18.00,1.00,560.00,2906.00,1392.00,56.00,21.00,2.00,11.00,14.00,586.00,534.00,91.10,25.00,3.00,0.00,0.00,34.00,16.00,0.00,7.00,0.00,0.00,0.00,207.00,20.00,20.00,50.00,1466.00
Okay YokuÅlu,0.255937,0.17306898,0.214468774,0.999999,tr TUR,MF,West Brom,26.00,1994.00,14.60,0.00,12.00,0.00,0.00,0.82,0.00,0.00,,20.20,1.00,0.00,0.00,0.90,0.90,0.07,-0.90,-0.90,441.00,530.00,83.20,7663.00,2263.00,211.00,236.00,89.40,152.00,186.00,81.70,59.00,76.00,77.60,1.00,0.60,0.40,5.00,27.00,3.00,0.00,42.00,513.00,17.00,9.00,2.00,122.00,11.00,3.00,0.00,0.00,0.00,0.00,337.00,93.00,100.00,72.00,389.00,37.00,3.00,7.00,4.00,7.00,18.00,12.00,11.00,0.75,7.00,0.00,0.00,1.00,3.00,0.00,2.00,0.14,1.00,0.00,0.00,1.00,0.00,0.00,47.00,33.00,25.00,20.00,2.00,16.00,37.00,43.20,21.00,284.00,89.00,31.30,127.00,132.00,25.00,25.00,3.00,0.00,22.00,42.00,67.00,89.00,40.00,1.00,714.00,64.00,237.00,417.00,102.00,10.00,700.00,18.00,24.00,75.00,18.00,1.00,390.00,1766.00,807.00,19.00,9.00,1.00,7.00,12.00,347.00,318.00,91.60,11.00,4.00,0.00,0.00,34.00,33.00,0.00,3.00,0.00,2.00,0.00,203.00,41.00,20.00,67.20,1317.00
Vitinha,0.626876,0.854452,0.794345272,0.8187864,pt POR,MF,Wolves,20.00,2000.00,5.80,0.00,9.00,4.00,44.40,1.56,0.69,0.00,0.00,21.60,0.00,0.00,0.00,0.60,0.60,0.06,-0.60,-0.60,290.00,329.00,88.10,4834.00,678.00,137.00,153.00,89.50,117.00,122.00,95.90,27.00,40.00,67.50,1.00,0.70,0.30,12.00,21.00,3.00,0.00,12.00,314.00,15.00,5.00,1.00,68.00,6.00,3.00,9.00,1.00,7.00,0.00,259.00,38.00,32.00,7.00,314.00,8.00,0.00,0.00,2.00,1.00,9.00,5.00,21.00,3.63,17.00,2.00,1.00,1.00,0.00,0.00,1.00,0.17,1.00,0.00,0.00,0.00,0.00,0.00,10.00,7.00,3.00,6.00,1.00,0.00,7.00,0.00,7.00,127.00,41.00,32.30,30.00,76.00,21.00,3.00,0.00,0.00,3.00,4.00,7.00,14.00,2.00,0.00,387.00,2.00,41.00,236.00,140.00,10.00,372.00,8.00,11.00,72.70,9.00,1.00,284.00,1606.00,896.00,45.00,14.00,2.00,11.00,10.00,356.00,310.00,87.10,25.00,0.00,0.00,0.00,12.00,9.00,1.00,3.00,0.00,0.00,0.00,36.00,0.00,2.00,0.00,520.00
Kalvin Phillips,0.1677955,0.51052674,0.313159669,0.96064664,eng ENG,MF,Leeds United,24.00,1995.00,27.00,1.00,15.00,5.00,33.30,0.56,0.19,0.07,0.20,26.20,3.00,0.00,0.00,0.40,0.40,0.02,0.60,0.60,1210.00,1461.00,82.80,28517.00,7192.00,337.00,376.00,89.60,537.00,599.00,89.60,321.00,448.00,71.70,2.00,3.80,-1.80,34.00,139.00,16.00,3.00,104.00,1334.00,127.00,66.00,4.00,137.00,107.00,25.00,56.00,26.00,22.00,1.00,959.00,166.00,336.00,147.00,1219.00,63.00,5.00,5.00,6.00,23.00,17.00,28.00,58.00,2.15,33.00,19.00,0.00,1.00,2.00,3.00,1.00,0.04,1.00,0.00,0.00,0.00,0.00,0.00,74.00,44.00,43.00,25.00,6.00,24.00,81.00,29.60,57.00,639.00,193.00,30.20,256.00,316.00,67.00,61.00,15.00,0.00,46.00,49.00,110.00,123.00,59.00,1.00,1770.00,120.00,623.00,943.00,307.00,9.00,1654.00,17.00,27.00,63.00,18.00,1.00,1039.00,5237.00,2279.00,60.00,14.00,2.00,22.00,30.00,1120.00,1054.00,94.10,21.00,10.00,0.00,0.00,63.00,36.00,0.00,25.00,0.00,0.00,0.00,325.00,31.00,35.00,47.00,2428.00
N'Golo KantÃ©,0.1164632,0.44706708,0.55592221,0.978699856,fr FRA,CDM,Chelsea,29.00,1991.00,23.80,0.00,10.00,3.00,30.00,0.42,0.13,0.00,0.00,19.50,0.00,0.00,0.00,0.90,0.90,0.09,-0.90,-0.90,1302.00,1504.00,86.60,23870.00,5264.00,537.00,604.00,88.90,609.00,669.00,91.00,133.00,180.00,73.90,2.00,1.10,0.90,21.00,99.00,12.00,1.00,101.00,1484.00,20.00,17.00,2.00,191.00,40.00,8.00,0.00,0.00,0.00,0.00,1170.00,166.00,168.00,205.00,1227.00,51.00,3.00,4.00,3.00,18.00,34.00,27.00,47.00,1.97,42.00,0.00,2.00,1.00,0.00,2.00,1.00,0.04,1.00,0.00,0.00,0.00,0.00,0.00,87.00,57.00,42.00,40.00,5.00,29.00,60.00,48.30,31.00,478.00,164.00,34.30,201.00,213.00,64.00,62.00,5.00,0.00,57.00,62.00,124.00,149.00,32.00,0.00,1806.00,65.00,480.00,1070.00,372.00,17.00,1787.00,29.00,38.00,76.30,29.00,1.00,1135.00,5484.00,2999.00,112.00,38.00,4.00,26.00,27.00,1298.00,1217.00,93.80,43.00,7.00,0.00,0.00,50.00,12.00,0.00,8.00,0.00,0.00,0.00,284.00,19.00,31.00,38.00,2146.00
James Milner,0.2336176,0.9999988,0.633123818,0.91759672,eng ENG,CDM,Liverpool,34.00,1986.00,11.90,0.00,12.00,3.00,25.00,1.01,0.25,0.00,0.00,22.80,0.00,0.00,0.00,0.40,0.40,0.04,-0.40,-0.40,776.00,914.00,84.90,14666.00,4242.00,332.00,360.00,92.20,331.00,369.00,89.70,105.00,146.00,71.90,1.00,1.20,-0.20,13.00,76.00,26.00,5.00,89.00,847.00,67.00,13.00,3.00,113.00,20.00,17.00,13.00,5.00,6.00,0.00,660.00,125.00,129.00,74.00,762.00,19.00,38.00,2.00,2.00,12.00,19.00,28.00,22.00,1.85,17.00,3.00,1.00,0.00,0.00,1.00,1.00,0.08,0.00,1.00,0.00,0.00,0.00,0.00,26.00,14.00,8.00,16.00,2.00,10.00,36.00,27.80,26.00,209.00,69.00,33.00,52.00,121.00,36.00,39.00,4.00,0.00,35.00,16.00,55.00,42.00,21.00,1.00,1056.00,29.00,192.00,605.00,308.00,25.00,992.00,6.00,13.00,46.20,6.00,1.00,686.00,2919.00,1566.00,69.00,24.00,1.00,6.00,11.00,795.00,731.00,91.90,33.00,3.00,0.00,0.00,20.00,13.00,0.00,17.00,0.00,0.00,0.00,141.00,25.00,14.00,64.10,1070.00
Ibrahima Diallo,0.1705766,0.3602324,0.50120761,0.93029316,fr FRA,MF,Southampton,21.00,1999.00,11.30,0.00,8.00,2.00,25.00,0.71,0.18,0.00,0.00,20.60,0.00,0.00,0.00,0.60,0.60,0.08,-0.60,-0.60,500.00,587.00,85.20,8755.00,1972.00,219.00,247.00,88.70,230.00,249.00,92.40,41.00,76.00,53.90,0.00,0.60,-0.60,8.00,36.00,6.00,1.00,33.00,576.00,11.00,9.00,1.00,109.00,7.00,7.00,0.00,0.00,0.00,0.00,466.00,50.00,71.00,58.00,504.00,19.00,2.00,0.00,2.00,10.00,14.00,6.00,18.00,1.59,15.00,0.00,0.00,1.00,1.00,1.00,1.00,0.09,1.00,0.00,0.00,0.00,0.00,0.00,30.00,25.00,14.00,14.00,2.00,9.00,23.00,39.10,14.00,242.00,82.00,33.90,81.00,144.00,17.00,14.00,1.00,0.00,13.00,16.00,30.00,46.00,16.00,0.00,714.00,27.00,190.00,450.00,123.00,10.00,706.00,11.00,17.00,64.70,13.00,1.00,458.00,2083.00,1065.00,45.00,19.00,0.00,10.00,21.00,530.00,491.00,92.60,15.00,3.00,0.00,0.00,31.00,18.00,0.00,7.00,0.00,1.00,0.00,126.00,8.00,19.00,29.60,1020.00
Robert Snodgrass,0.320462,0.40300254,0.578928,0.7334986,sct SCO,MF,West Brom,32.00,1987.00,5.80,0.00,4.00,1.00,25.00,0.68,0.17,0.00,0.00,17.60,1.00,0.00,0.00,0.20,0.20,0.05,-0.20,-0.20,105.00,133.00,78.90,1699.00,544.00,59.00,71.00,83.10,36.00,48.00,75.00,7.00,11.00,63.60,0.00,0.30,-0.30,3.00,9.00,5.00,0.00,15.00,132.00,1.00,0.00,0.00,28.00,1.00,5.00,0.00,0.00,0.00,0.00,85.00,19.00,29.00,100.00,17.00,8.00,0.00,2.00,1.00,1.00,3.00,0.00,6.00,1.03,6.00,0.00,0.00,0.00,0.00,0.00,1.00,0.17,1.00,0.00,0.00,0.00,0.00,0.00,20.00,12.00,13.00,5.00,2.00,8.00,18.00,44.40,10.00,86.00,25.00,29.10,34.00,34.00,18.00,13.00,3.00,0.00,10.00,4.00,17.00,24.00,12.00,0.00,207.00,15.00,62.00,83.00,71.00,11.00,205.00,3.00,6.00,50.00,3.00,1.00,112.00,573.00,222.00,13.00,4.00,4.00,2.00,4.00,140.00,91.00,65.00,18.00,2.00,0.00,0.00,12.00,13.00,1.00,5.00,0.00,0.00,0.00,55.00,10.00,13.00,43.50,526.00
Jakub Moder,0.3863653,0.47279095,0.907199468,0.7059226,pl POL,CM,Brighton,21.00,1999.00,7.20,0.00,13.00,3.00,23.10,1.81,0.42,0.00,0.00,17.80,0.00,0.00,0.00,0.90,0.90,0.07,-0.90,-0.90,200.00,268.00,74.60,2874.00,870.00,118.00,135.00,87.40,71.00,90.00,78.90,6.00,24.00,25.00,0.00,0.20,-0.20,3.00,17.00,7.00,0.00,21.00,260.00,8.00,0.00,0.00,52.00,7.00,13.00,0.00,0.00,0.00,0.00,198.00,37.00,33.00,61.00,187.00,7.00,8.00,0.00,0.00,4.00,12.00,17.00,11.00,1.53,7.00,1.00,1.00,1.00,0.00,1.00,1.00,0.14,1.00,0.00,0.00,0.00,0.00,0.00,16.00,8.00,7.00,6.00,3.00,4.00,17.00,23.50,13.00,134.00,39.00,29.10,43.00,49.00,42.00,17.00,1.00,0.00,16.00,8.00,25.00,24.00,14.00,0.00,369.00,18.00,67.00,149.00,177.00,25.00,361.00,9.00,16.00,56.30,10.00,1.00,259.00,1575.00,889.00,50.00,11.00,7.00,12.00,6.00,303.00,248.00,81.80,23.00,0.00,0.00,0.00,14.00,6.00,2.00,13.00,0.00,0.00,0.00,47.00,6.00,12.00,33.30,647.00
Ben Osborn,0.2031984,0.7395168,0.58576688,0.66500775,eng ENG,CDM,Sheffield Utd,25.00,1994.00,17.80,1.00,9.00,4.00,44.40,0.50,0.22,0.11,0.25,17.90,0.00,0.00,0.00,1.20,1.20,0.14,-0.20,-0.20,663.00,840.00,78.90,10376.00,3744.00,393.00,435.00,90.30,207.00,247.00,83.80,51.00,122.00,41.80,0.00,2.10,-2.10,19.00,54.00,28.00,11.00,70.00,771.00,69.00,9.00,1.00,141.00,19.00,46.00,13.00,8.00,3.00,0.00,558.00,135.00,147.00,621.00,131.00,25.00,46.00,5.00,2.00,9.00,13.00,31.00,29.00,1.63,25.00,4.00,0.00,0.00,0.00,0.00,0.00,0.00,0.00,0.00,0.00,0.00,0.00,0.00,29.00,16.00,17.00,8.00,4.00,11.00,47.00,23.40,36.00,394.00,87.00,22.10,123.00,166.00,105.00,29.00,3.00,0.00,26.00,16.00,45.00,45.00,16.00,0.00,1023.00,33.00,215.00,451.00,422.00,41.00,956.00,18.00,30.00,60.00,21.00,1.00,652.00,3253.00,1717.00,82.00,32.00,8.00,33.00,21.00,838.00,695.00,82.90,87.00,1.00,0.00,0.00,16.00,17.00,4.00,46.00,0.00,0.00,0.00,150.00,13.00,22.00,37.10,1604.00
JÃ³hann Berg GuÃ°mundsson,0.4782766,0.50358879,0.4946308,0.51619116,is ISL,MF,Burnley,29.00,1990.00,15.10,2.00,19.00,8.00,42.10,1.25,0.53,0.11,0.25,19.90,1.00,0.00,0.00,1.70,1.70,0.09,0.30,0.30,356.00,472.00,75.40,6119.00,1493.00,190.00,220.00,86.40,113.00,143.00,79.00,44.00,91.00,48.40,0.00,0.50,-0.50,10.00,19.00,15.00,5.00,34.00,466.00,6.00,0.00,1.00,106.00,18.00,24.00,4.00,3.00,1.00,0.00,308.00,60.00,104.00,373.00,49.00,30.00,1.00,3.00,3.00,6.00,10.00,9.00,27.00,1.78,22.00,1.00,0.00,1.00,2.00,1.00,0.00,0.00,0.00,0.00,0.00,0.00,0.00,0.00,19.00,14.00,6.00,9.00,4.00,10.00,23.00,43.50,13.00,166.00,48.00,28.90,48.00,72.00,46.00,19.00,2.00,0.00,17.00,17.00,36.00,36.00,14.00,0.00,601.00,22.00,99.00,268.00,271.00,31.00,594.00,6.00,21.00,28.60,8.00,1.00,428.00,2458.00,1238.00,73.00,22.00,6.00,12.00,16.00,538.00,410.00,76.20,57.00,2.00,0.00,0.00,12.00,17.00,2.00,24.00,0.00,0.00,0.00,108.00,19.00,31.00,38.00,1363.00
Mohamed Elneny,0.1055592,0.26546,0.479457885,0.59629181,eg EGY,MF,Arsenal,28.00,1992.00,17.20,1.00,9.00,2.00,22.20,0.52,0.12,0.11,0.50,19.30,0.00,0.00,0.00,0.50,0.50,0.06,0.50,0.50,937.00,1003.00,93.40,18475.00,3672.00,334.00,351.00,95.20,458.00,476.00,96.20,136.00,157.00,86.60,0.00,0.20,-0.20,4.00,77.00,9.00,0.00,60.00,981.00,22.00,20.00,1.00,119.00,24.00,3.00,0.00,0.00,0.00,0.00,836.00,83.00,84.00,65.00,889.00,39.00,2.00,5.00,3.00,8.00,4.00,9.00,16.00,0.93,13.00,0.00,1.00,1.00,1.00,0.00,0.00,0.00,0.00,0.00,0.00,0.00,0.00,0.00,16.00,11.00,9.00,7.00,0.00,5.00,19.00,26.30,14.00,197.00,57.00,28.90,71.00,91.00,35.00,18.00,4.00,0.00,14.00,20.00,38.00,36.00,24.00,1.00,1102.00,74.00,342.00,675.00,150.00,5.00,1082.00,7.00,9.00,77.80,7.00,1.00,837.00,3937.00,1981.00,70.00,17.00,0.00,5.00,7.00,882.00,845.00,95.80,10.00,3.00,0.00,0.00,18.00,16.00,0.00,3.00,0.00,0.00,0.00,144.00,8.00,19.00,29.60,1544.00
James Ward-Prowse,0.60987263,0.5959331,0.359005708,0.912669486,eng ENG,MF,Southampton,25.00,1994.00,38.00,8.00,39.00,18.00,46.20,1.03,0.47,0.13,0.28,25.40,20.00,3.00,4.00,5.30,2.20,0.06,2.70,2.80,2117.00,2619.00,80.80,37952.00,10063.00,939.00,1040.00,90.30,914.00,1011.00,90.40,224.00,498.00,45.00,7.00,4.10,2.90,57.00,155.00,24.00,1.00,155.00,2283.00,336.00,135.00,4.00,311.00,110.00,52.00,166.00,78.00,76.00,9.00,1770.00,264.00,585.00,252.00,2182.00,129.00,15.00,6.00,10.00,28.00,33.00,43.00,84.00,2.21,39.00,41.00,0.00,2.00,2.00,0.00,11.00,0.29,4.00,7.00,0.00,0.00,0.00,0.00,84.00,57.00,34.00,43.00,7.00,29.00,74.00,39.20,45.00,631.00,207.00,32.80,221.00,324.00,86.00,71.00,5.00,0.00,66.00,44.00,115.00,128.00,76.00,0.00,2989.00,103.00,676.00,1768.00,693.00,23.00,2637.00,15.00,23.00,65.20,16.00,0.00,1551.00,6986.00,3475.00,120.00,41.00,1.00,16.00,17.00,1966.00,1817.00,92.40,40.00,5.00,0.00,0.00,55.00,37.00,0.00,52.00,0.00,1.00,0.00,483.00,49.00,64.00,43.40,3420.00
Pascal GroÃ,0.6105977,1.0000007,0.6040832,0.612820292,de GER,CDM,Brighton,29.00,1991.00,27.60,3.00,28.00,4.00,14.30,1.01,0.14,0.00,0.00,20.90,6.00,3.00,4.00,5.60,2.50,0.09,-2.60,-2.50,1260.00,1669.00,75.50,25820.00,7297.00,504.00,590.00,85.40,506.00,606.00,83.50,236.00,424.00,55.70,8.00,5.50,2.50,67.00,81.00,50.00,17.00,129.00,1416.00,253.00,64.00,3.00,211.00,100.00,98.00,136.00,47.00,63.00,6.00,1043.00,198.00,428.00,269.00,1282.00,48.00,50.00,3.00,6.00,37.00,32.00,38.00,110.00,3.99,63.00,40.00,0.00,4.00,2.00,1.00,9.00,0.33,6.00,3.00,0.00,0.00,0.00,0.00,44.00,24.00,24.00,15.00,5.00,19.00,47.00,40.40,28.00,430.00,112.00,26.00,141.00,189.00,100.00,33.00,5.00,0.00,28.00,25.00,58.00,69.00,24.00,0.00,1900.00,43.00,363.00,895.00,771.00,74.00,1644.00,11.00,20.00,55.00,11.00,0.00,1180.00,5810.00,2610.00,139.00,56.00,8.00,30.00,22.00,1456.00,1264.00,86.80,114.00,3.00,0.00,0.00,22.00,18.00,5.00,98.00,1.00,0.00,0.00,227.00,22.00,47.00,31.90,2484.00
Wilfred Ndidi,0.62746198,0.3095671,0.27567835,0.9999978,ng NGA,CDM,Leicester City,23.00,1996.00,24.20,1.00,16.00,1.00,6.30,0.66,0.04,0.06,1.00,18.80,0.00,0.00,0.00,0.80,0.80,0.05,0.20,0.20,1201.00,1363.00,88.10,22396.00,4643.00,485.00,546.00,88.80,529.00,565.00,93.60,161.00,206.00,78.20,4.00,1.50,2.50,15.00,80.00,4.00,0.00,57.00,1346.00,17.00,16.00,3.00,172.00,28.00,3.00,0.00,0.00,0.00,0.00,1065.00,133.00,165.00,172.00,1091.00,66.00,1.00,3.00,3.00,14.00,29.00,15.00,33.00,1.36,27.00,0.00,0.00,0.00,1.00,5.00,8.00,0.33,7.00,0.00,0.00,0.00,0.00,1.00,108.00,73.00,50.00,49.00,9.00,30.00,75.00,40.00,45.00,489.00,183.00,37.40,198.00,245.00,46.00,66.00,13.00,0.00,53.00,62.00,128.00,170.00,77.00,0.00,1710.00,121.00,626.00,986.00,189.00,14.00,1696.00,11.00,20.00,55.00,11.00,0.00,1062.00,4866.00,1798.00,43.00,19.00,1.00,18.00,18.00,1135.00,1058.00,93.20,18.00,6.00,0.00,0.00,59.00,20.00,0.00,3.00,0.00,1.00,0.00,300.00,51.00,35.00,59.30,2176.00
Jeffrey Schlupp,0.7322932,0.48826989,0.6930508,0.654239996,gh GHA,MF,Crystal Palace,27.00,1992.00,15.90,2.00,18.00,10.00,55.60,1.13,0.63,0.11,0.20,13.40,0.00,0.00,0.00,1.60,1.60,0.09,0.40,0.40,304.00,429.00,70.90,4887.00,1406.00,156.00,203.00,76.80,118.00,159.00,74.20,21.00,39.00,53.80,3.00,1.70,1.30,17.00,31.00,10.00,2.00,36.00,415.00,14.00,3.00,1.00,124.00,6.00,27.00,1.00,0.00,0.00,0.00,296.00,57.00,76.00,293.00,76.00,24.00,7.00,2.00,3.00,3.00,12.00,21.00,34.00,2.14,26.00,0.00,2.00,1.00,5.00,0.00,6.00,0.38,4.00,0.00,0.00,1.00,1.00,0.00,37.00,20.00,17.00,13.00,7.00,8.00,24.00,33.30,16.00,247.00,68.00,27.50,87.00,114.00,46.00,35.00,8.00,0.00,27.00,21.00,56.00,58.00,15.00,1.00,675.00,29.00,133.00,323.00,263.00,54.00,661.00,32.00,57.00,56.10,35.00,0.00,426.00,1989.00,1028.00,59.00,16.00,13.00,25.00,52.00,554.00,423.00,76.40,84.00,3.00,0.00,0.00,34.00,26.00,0.00,27.00,0.00,0.00,0.00,116.00,32.00,43.00,42.70,1428.00
Ashley Westwood,0.29491335,0.90572865,0.309748552,0.782124448,eng ENG,MF,Burnley,30.00,1990.00,37.90,3.00,19.00,6.00,31.60,0.50,0.16,0.16,0.50,22.40,0.00,0.00,0.00,1.10,1.10,0.06,1.90,1.90,1567.00,2125.00,73.70,33232.00,10582.00,554.00,622.00,89.10,647.00,780.00,82.90,323.00,642.00,50.30,3.00,5.00,-2.00,49.00,181.00,73.00,12.00,202.00,1889.00,236.00,88.00,2.00,275.00,110.00,71.00,85.00,65.00,7.00,7.00,1206.00,229.00,690.00,98.00,1929.00,75.00,9.00,1.00,11.00,39.00,39.00,40.00,84.00,2.22,59.00,21.00,1.00,0.00,1.00,2.00,5.00,0.13,3.00,2.00,0.00,0.00,0.00,0.00,25.00,14.00,9.00,12.00,4.00,5.00,40.00,12.50,35.00,492.00,133.00,27.00,155.00,265.00,72.00,50.00,10.00,0.00,40.00,48.00,98.00,73.00,49.00,0.00,2379.00,66.00,414.00,1448.00,626.00,26.00,2153.00,12.00,18.00,66.70,14.00,0.00,1361.00,5347.00,2449.00,97.00,38.00,0.00,19.00,19.00,1652.00,1519.00,91.90,35.00,7.00,0.00,0.00,50.00,53.00,0.00,71.00,0.00,0.00,0.00,420.00,14.00,31.00,31.10,3410.00
Ross Barkley,0.6178794,1.00000002,0.934194834,0.60159442,eng ENG,MF,Aston Villa,26.00,1993.00,17.00,3.00,38.00,11.00,28.90,2.23,0.65,0.08,0.27,18.40,2.00,0.00,0.00,3.20,3.20,0.08,-0.20,-0.20,619.00,764.00,81.00,11391.00,2909.00,290.00,331.00,87.60,230.00,265.00,86.80,86.00,133.00,64.70,1.00,3.60,-2.60,39.00,45.00,27.00,0.00,76.00,667.00,97.00,23.00,0.00,170.00,22.00,20.00,54.00,19.00,10.00,11.00,534.00,104.00,126.00,100.00,602.00,32.00,4.00,4.00,2.00,8.00,15.00,20.00,75.00,4.41,43.00,20.00,9.00,1.00,2.00,0.00,5.00,0.29,3.00,1.00,0.00,0.00,1.00,0.00,6.00,2.00,2.00,4.00,0.00,3.00,12.00,25.00,9.00,245.00,58.00,23.70,35.00,143.00,67.00,19.00,2.00,0.00,17.00,5.00,24.00,11.00,8.00,0.00,944.00,16.00,137.00,421.00,444.00,66.00,849.00,34.00,47.00,72.30,35.00,0.00,608.00,3337.00,1818.00,81.00,28.00,11.00,34.00,38.00,818.00,649.00,79.30,83.00,0.00,0.00,0.00,16.00,26.00,5.00,20.00,1.00,0.00,0.00,144.00,25.00,25.00,50.00,1531.00
Curtis Jones,0.5903144,0.83225546,0.9999999,0.72908899,eng ENG,MF,Liverpool,19.00,2001.00,13.10,1.00,19.00,8.00,42.10,1.45,0.61,0.05,0.13,18.70,0.00,0.00,0.00,1.40,1.40,0.07,-0.40,-0.40,890.00,976.00,91.20,15013.00,3201.00,433.00,465.00,93.10,354.00,374.00,94.70,86.00,105.00,81.90,2.00,1.60,0.40,13.00,97.00,22.00,2.00,66.00,965.00,11.00,1.00,2.00,100.00,12.00,7.00,0.00,0.00,0.00,0.00,847.00,54.00,75.00,125.00,798.00,34.00,6.00,5.00,2.00,1.00,17.00,11.00,37.00,2.82,30.00,0.00,2.00,0.00,2.00,3.00,4.00,0.31,4.00,0.00,0.00,0.00,0.00,0.00,21.00,16.00,8.00,8.00,5.00,10.00,23.00,43.50,13.00,234.00,70.00,29.90,51.00,110.00,73.00,18.00,0.00,0.00,18.00,17.00,35.00,38.00,10.00,1.00,1122.00,15.00,148.00,661.00,409.00,30.00,1112.00,15.00,29.00,51.70,17.00,0.00,893.00,4666.00,2420.00,131.00,44.00,9.00,14.00,27.00,1001.00,910.00,90.90,71.00,2.00,0.00,0.00,19.00,18.00,1.00,7.00,0.00,0.00,0.00,121.00,12.00,21.00,36.40,1179.00
JoÃ£o Moutinho,0.27685949,0.73479987,0.462263318,0.78140281,pt POR,MF,Wolves,33.00,1986.00,28.10,1.00,15.00,4.00,26.70,0.53,0.14,0.07,0.25,22.30,1.00,0.00,0.00,0.70,0.70,0.04,0.30,0.30,1540.00,1817.00,84.80,30715.00,7297.00,537.00,586.00,91.60,718.00,787.00,91.20,253.00,382.00,66.20,1.00,2.60,-1.60,47.00,117.00,19.00,6.00,123.00,1612.00,205.00,99.00,4.00,268.00,76.00,43.00,102.00,25.00,41.00,1.00,1201.00,263.00,353.00,104.00,1619.00,69.00,3.00,4.00,5.00,23.00,34.00,28.00,91.00,3.24,55.00,29.00,0.00,2.00,2.00,3.00,4.00,0.14,1.00,2.00,0.00,0.00,1.00,0.00,70.00,46.00,36.00,28.00,6.00,29.00,94.00,30.90,65.00,543.00,160.00,29.50,206.00,267.00,70.00,40.00,3.00,0.00,37.00,39.00,79.00,109.00,31.00,0.00,2051.00,57.00,438.00,1184.00,539.00,10.00,1851.00,10.00,23.00,43.50,12.00,0.00,1248.00,5857.00,3114.00,156.00,40.00,1.00,11.00,7.00,1463.00,1358.00,92.80,44.00,5.00,1.00,1.00,52.00,30.00,0.00,43.00,0.00,1.00,0.00,279.00,20.00,24.00,45.50,2528.00
Fabinho,0.2625864,0.26943729,0.547827765,0.80470531,br BRA,CDM,Liverpool,26.00,1993.00,28.50,0.00,10.00,1.00,10.00,0.35,0.04,0.00,0.00,21.80,0.00,0.00,0.00,0.40,0.40,0.04,-0.40,-0.40,1867.00,2049.00,91.10,38166.00,9896.00,592.00,632.00,93.70,984.00,1039.00,94.70,272.00,350.00,77.70,0.00,0.40,-0.40,3.00,110.00,16.00,1.00,102.00,2001.00,48.00,42.00,3.00,188.00,37.00,2.00,0.00,0.00,0.00,0.00,1662.00,146.00,241.00,142.00,1796.00,58.00,6.00,8.00,1.00,14.00,17.00,8.00,23.00,0.81,20.00,0.00,0.00,0.00,2.00,1.00,4.00,0.14,3.00,0.00,0.00,0.00,1.00,0.00,72.00,51.00,25.00,40.00,7.00,25.00,56.00,44.60,31.00,351.00,115.00,32.80,120.00,200.00,31.00,41.00,12.00,0.00,29.00,49.00,90.00,121.00,106.00,0.00,2334.00,175.00,916.00,1372.00,176.00,13.00,2288.00,5.00,9.00,55.60,6.00,0.00,1507.00,7484.00,4215.00,156.00,26.00,2.00,8.00,13.00,1717.00,1677.00,97.70,17.00,6.00,0.00,0.00,39.00,31.00,0.00,2.00,1.00,2.00,0.00,319.00,62.00,52.00,54.40,2567.00
Nemanja MatiÄ,0.457203,0.4314586,0.999999585,0.78855908,rs SRB,CDM,Manchester Utd,31.00,1988.00,12.30,0.00,6.00,3.00,50.00,0.49,0.24,0.00,0.00,21.10,0.00,0.00,0.00,0.30,0.30,0.05,-0.30,-0.30,882.00,975.00,90.50,16853.00,4366.00,346.00,371.00,93.30,418.00,450.00,92.90,109.00,135.00,80.70,0.00,0.40,-0.40,7.00,83.00,10.00,3.00,79.00,941.00,34.00,31.00,1.00,131.00,33.00,6.00,0.00,0.00,0.00,0.00,817.00,66.00,92.00,819.00,124.00,19.00,3.00,0.00,3.00,4.00,19.00,11.00,20.00,1.63,18.00,0.00,0.00,2.00,0.00,0.00,3.00,0.24,3.00,0.00,0.00,0.00,0.00,0.00,24.00,15.00,13.00,10.00,1.00,10.00,31.00,32.30,21.00,175.00,56.00,32.00,79.00,81.00,15.00,30.00,5.00,0.00,25.00,18.00,48.00,42.00,21.00,1.00,1088.00,44.00,332.00,706.00,185.00,9.00,1058.00,15.00,18.00,83.30,15.00,0.00,783.00,5297.00,3315.00,111.00,36.00,3.00,7.00,10.00,855.00,823.00,96.30,9.00,2.00,0.00,0.00,18.00,8.00,0.00,6.00,0.00,0.00,0.00,127.00,19.00,8.00,70.40,1106.00
Declan Rice,0.20768665,0.37418874,0.616399814,0.75947736,eng ENG,MF,West Ham,21.00,1999.00,32.00,2.00,24.00,7.00,29.20,0.75,0.22,0.04,0.14,19.90,2.00,1.00,2.00,3.00,1.50,0.06,-1.00,-0.50,1298.00,1506.00,86.20,25003.00,6065.00,525.00,580.00,90.50,567.00,628.00,90.30,192.00,261.00,73.60,1.00,2.10,-1.10,19.00,113.00,21.00,9.00,94.00,1484.00,22.00,19.00,4.00,222.00,58.00,29.00,0.00,0.00,0.00,0.00,1177.00,134.00,195.00,203.00,1202.00,64.00,2.00,0.00,3.00,19.00,23.00,20.00,49.00,1.53,41.00,1.00,3.00,2.00,1.00,1.00,3.00,0.09,2.00,0.00,0.00,1.00,0.00,0.00,77.00,53.00,45.00,31.00,1.00,24.00,55.00,43.60,31.00,495.00,149.00,30.10,212.00,246.00,37.00,54.00,13.00,0.00,41.00,68.00,122.00,145.00,46.00,1.00,1800.00,99.00,508.00,1125.00,327.00,40.00,1776.00,33.00,37.00,89.20,33.00,0.00,1197.00,8223.00,4320.00,165.00,59.00,7.00,24.00,21.00,1271.00,1186.00,93.30,35.00,2.00,0.00,0.00,26.00,19.00,1.00,29.00,0.00,1.00,0.00,315.00,47.00,29.00,61.80,2879.00
Scott McTominay,0.32384028,0.3164048,0.576903805,0.83483498,sct SCO,MF,Manchester Utd,23.00,1996.00,23.70,4.00,26.00,7.00,26.90,1.10,0.30,0.15,0.57,16.10,0.00,0.00,0.00,2.10,2.10,0.08,1.90,1.90,1109.00,1270.00,87.30,21728.00,5711.00,427.00,466.00,91.60,511.00,567.00,90.10,155.00,205.00,75.60,1.00,0.90,0.10,14.00,109.00,9.00,1.00,104.00,1228.00,42.00,32.00,0.00,169.00,44.00,9.00,2.00,2.00,0.00,0.00,1037.00,86.00,147.00,105.00,1079.00,51.00,8.00,3.00,1.00,14.00,22.00,24.00,33.00,1.40,24.00,0.00,0.00,1.00,6.00,2.00,3.00,0.13,1.00,0.00,0.00,0.00,1.00,1.00,48.00,29.00,26.00,16.00,6.00,16.00,40.00,40.00,24.00,348.00,107.00,30.70,124.00,171.00,53.00,56.00,15.00,0.00,41.00,51.00,107.00,99.00,54.00,0.00,1581.00,90.00,458.00,915.00,334.00,36.00,1549.00,22.00,32.00,68.80,22.00,0.00,1078.00,5805.00,3281.00,125.00,42.00,5.00,32.00,30.00,1162.00,1094.00,94.10,37.00,3.00,0.00,0.00,51.00,48.00,1.00,9.00,0.00,0.00,0.00,215.00,49.00,34.00,59.00,2129.00
Fernandinho,0.425638,0.64161019,1.000001543,0.78390447,br BRA,MF,Manchester City,35.00,1985.00,13.20,0.00,15.00,3.00,20.00,1.14,0.23,0.00,0.00,21.60,0.00,0.00,0.00,0.80,0.80,0.06,-0.80,-0.80,878.00,1001.00,87.70,16840.00,4565.00,372.00,407.00,91.40,384.00,423.00,90.80,117.00,159.00,73.60,2.00,0.90,1.10,12.00,135.00,17.00,2.00,96.00,975.00,26.00,19.00,2.00,122.00,33.00,6.00,1.00,0.00,1.00,0.00,788.00,78.00,135.00,122.00,813.00,40.00,6.00,2.00,1.00,5.00,23.00,9.00,29.00,2.20,21.00,0.00,3.00,0.00,0.00,5.00,3.00,0.23,2.00,0.00,0.00,0.00,0.00,1.00,31.00,22.00,6.00,17.00,8.00,12.00,38.00,31.60,26.00,223.00,75.00,33.60,47.00,142.00,34.00,15.00,1.00,0.00,14.00,26.00,41.00,57.00,32.00,0.00,1127.00,37.00,181.00,846.00,181.00,12.00,1104.00,10.00,15.00,66.70,13.00,0.00,793.00,4035.00,2437.00,135.00,42.00,5.00,4.00,6.00,884.00,856.00,96.80,9.00,6.00,0.00,0.00,31.00,10.00,0.00,6.00,0.00,0.00,0.00,132.00,29.00,18.00,61.70,1188.00
Jorginho,0.4416122,0.53665884,0.519017732,0.94182414,it ITA,MF,Chelsea,28.00,1991.00,22.30,7.00,6.00,0.00,0.00,0.27,0.00,0.00,,39.50,0.00,7.00,9.00,7.00,0.10,0.02,0.00,-0.10,1558.00,1740.00,89.50,27960.00,6525.00,706.00,755.00,93.50,670.00,733.00,91.40,160.00,218.00,73.40,1.00,2.10,-1.10,24.00,140.00,20.00,1.00,115.00,1713.00,27.00,27.00,2.00,197.00,31.00,1.00,0.00,0.00,0.00,0.00,1400.00,134.00,206.00,119.00,1559.00,47.00,0.00,2.00,2.00,22.00,31.00,13.00,51.00,2.28,48.00,0.00,1.00,0.00,0.00,2.00,3.00,0.13,3.00,0.00,0.00,0.00,0.00,0.00,59.00,38.00,25.00,28.00,6.00,22.00,73.00,30.10,51.00,467.00,165.00,35.30,169.00,241.00,57.00,42.00,5.00,0.00,37.00,51.00,93.00,110.00,21.00,1.00,1965.00,73.00,538.00,1241.00,303.00,18.00,1935.00,18.00,25.00,72.00,20.00,0.00,1331.00,5388.00,2889.00,102.00,28.00,2.00,11.00,18.00,1545.00,1499.00,97.00,15.00,2.00,0.00,0.00,40.00,36.00,0.00,1.00,0.00,1.00,0.00,221.00,16.00,17.00,48.50,2010.00
Donny van de Beek,0.7580045,0.556017,0.441366,0.7004374,nl NED,MF,Manchester Utd,23.00,1997.00,5.80,1.00,2.00,1.00,50.00,0.34,0.17,0.50,1.00,18.60,0.00,0.00,0.00,0.30,0.30,0.14,0.70,0.70,235.00,279.00,84.20,3651.00,758.00,126.00,141.00,89.40,94.00,102.00,92.20,11.00,17.00,64.70,1.00,1.00,0.00,3.00,11.00,2.00,1.00,10.00,275.00,4.00,2.00,0.00,44.00,4.00,4.00,0.00,0.00,0.00,0.00,237.00,25.00,17.00,21.00,248.00,5.00,2.00,2.00,0.00,2.00,8.00,13.00,12.00,2.06,10.00,0.00,1.00,0.00,1.00,0.00,2.00,0.34,1.00,0.00,0.00,0.00,1.00,0.00,12.00,9.00,3.00,6.00,3.00,3.00,13.00,23.10,10.00,105.00,32.00,30.50,21.00,59.00,25.00,11.00,1.00,0.00,10.00,7.00,18.00,19.00,9.00,0.00,343.00,11.00,65.00,171.00,120.00,28.00,339.00,9.00,13.00,69.20,9.00,0.00,208.00,761.00,362.00,19.00,7.00,0.00,8.00,8.00,312.00,254.00,81.40,43.00,1.00,0.00,0.00,7.00,7.00,0.00,4.00,1.00,0.00,0.00,44.00,3.00,4.00,42.90,524.00
Sean Longstaff,0.3002403,0.30665681,0.227032055,0.78743493,eng ENG,MF,Newcastle Utd,22.00,1997.00,15.70,0.00,15.00,5.00,33.30,0.96,0.32,0.00,0.00,18.70,1.00,0.00,0.00,1.40,1.40,0.09,-1.40,-1.40,452.00,572.00,79.00,9478.00,2178.00,174.00,197.00,88.30,176.00,200.00,88.00,89.00,147.00,60.50,1.00,1.10,-0.10,11.00,41.00,2.00,1.00,40.00,529.00,43.00,15.00,1.00,92.00,43.00,7.00,20.00,8.00,6.00,4.00,372.00,83.00,117.00,110.00,413.00,33.00,3.00,2.00,2.00,13.00,19.00,11.00,21.00,1.34,12.00,5.00,1.00,0.00,2.00,1.00,2.00,0.13,2.00,0.00,0.00,0.00,0.00,0.00,36.00,21.00,16.00,17.00,3.00,21.00,60.00,35.00,39.00,398.00,99.00,24.90,168.00,184.00,46.00,29.00,4.00,0.00,25.00,19.00,48.00,55.00,21.00,1.00,720.00,31.00,196.00,376.00,178.00,21.00,679.00,4.00,8.00,50.00,5.00,0.00,394.00,1690.00,723.00,23.00,6.00,1.00,9.00,7.00,500.00,433.00,86.60,21.00,2.00,0.00,0.00,26.00,23.00,0.00,7.00,0.00,0.00,0.00,118.00,12.00,15.00,44.40,1412.00
Tom Cairney,0.4785215,0.9756584,0.9664824,0.59110482,sct SCO,MF,Fulham,29.00,1991.00,8.40,1.00,12.00,4.00,33.30,1.42,0.47,0.08,0.25,20.00,0.00,0.00,0.00,0.70,0.70,0.06,0.30,0.30,551.00,621.00,88.70,11165.00,2009.00,214.00,227.00,94.30,227.00,247.00,91.90,100.00,128.00,78.10,1.00,1.40,-0.40,20.00,61.00,10.00,5.00,32.00,586.00,35.00,19.00,0.00,76.00,34.00,18.00,14.00,2.00,9.00,1.00,473.00,51.00,97.00,577.00,32.00,9.00,0.00,2.00,1.00,6.00,7.00,11.00,35.00,4.15,21.00,8.00,3.00,1.00,2.00,0.00,2.00,0.24,2.00,0.00,0.00,0.00,0.00,0.00,5.00,4.00,1.00,2.00,2.00,0.00,3.00,0.00,3.00,65.00,21.00,32.30,18.00,32.00,15.00,6.00,0.00,0.00,6.00,1.00,7.00,6.00,3.00,0.00,689.00,10.00,103.00,383.00,252.00,13.00,658.00,12.00,18.00,66.70,12.00,0.00,545.00,2737.00,1269.00,58.00,23.00,1.00,11.00,7.00,610.00,562.00,92.10,31.00,2.00,0.00,0.00,5.00,19.00,1.00,18.00,1.00,0.00,0.00,71.00,2.00,5.00,28.60,759.00
Ainsley Maitland-Niles,0.274075,0.32706922,0.5655304,0.933545,eng ENG,MF,West Brom,22.00,1997.00,13.70,0.00,10.00,3.00,30.00,0.73,0.22,0.00,0.00,22.30,0.00,0.00,0.00,0.70,0.70,0.07,-0.70,-0.70,307.00,401.00,76.60,4599.00,1301.00,170.00,206.00,82.50,91.00,119.00,76.50,27.00,41.00,65.90,0.00,0.70,-0.70,5.00,18.00,8.00,1.00,34.00,385.00,16.00,1.00,2.00,79.00,7.00,12.00,2.00,1.00,0.00,0.00,281.00,62.00,58.00,53.00,303.00,31.00,3.00,4.00,1.00,7.00,19.00,17.00,18.00,1.32,15.00,0.00,0.00,0.00,3.00,0.00,2.00,0.15,1.00,0.00,0.00,0.00,1.00,0.00,20.00,14.00,9.00,6.00,5.00,5.00,28.00,17.90,23.00,327.00,104.00,31.80,99.00,150.00,78.00,19.00,2.00,0.00,17.00,25.00,44.00,45.00,26.00,0.00,572.00,40.00,132.00,275.00,204.00,35.00,556.00,18.00,35.00,51.40,21.00,0.00,341.00,1697.00,869.00,40.00,16.00,8.00,18.00,32.00,440.00,325.00,73.90,45.00,2.00,0.00,0.00,12.00,18.00,0.00,12.00,1.00,0.00,0.00,124.00,8.00,22.00,26.70,1230.00
Cheikhou KouyatÃ©,0.1135012,0.10464456,0.1701848,0.6433474,sn SEN,CDM,Crystal Palace,30.00,1989.00,34.70,1.00,7.00,2.00,28.60,0.20,0.06,0.14,0.50,9.60,0.00,0.00,0.00,0.80,0.80,0.11,0.20,0.20,959.00,1217.00,78.80,19698.00,6299.00,332.00,390.00,85.10,433.00,497.00,87.10,176.00,295.00,59.70,0.00,0.20,-0.20,6.00,39.00,3.00,1.00,33.00,1160.00,57.00,53.00,0.00,153.00,13.00,4.00,0.00,0.00,0.00,0.00,784.00,153.00,280.00,92.00,987.00,73.00,3.00,10.00,2.00,21.00,14.00,21.00,16.00,0.46,14.00,0.00,0.00,1.00,1.00,0.00,2.00,0.06,2.00,0.00,0.00,0.00,0.00,0.00,70.00,36.00,53.00,14.00,3.00,26.00,45.00,57.80,19.00,350.00,109.00,31.10,230.00,102.00,18.00,62.00,28.00,0.00,34.00,38.00,100.00,108.00,162.00,2.00,1565.00,241.00,908.00,646.00,71.00,28.00,1511.00,6.00,9.00,66.70,6.00,0.00,783.00,3715.00,1592.00,28.00,3.00,0.00,4.00,11.00,876.00,830.00,94.70,9.00,4.00,0.00,0.00,43.00,20.00,0.00,4.00,0.00,0.00,0.00,310.00,94.00,51.00,64.80,3121.00
RÃºben Neves,0.426432,0.47312874,0.49580546,0.88200934,pt POR,MF,Wolves,23.00,1997.00,29.70,5.00,64.00,14.00,21.90,2.15,0.47,0.03,0.14,25.40,11.00,3.00,3.00,5.10,2.90,0.04,-0.10,-0.90,1633.00,1937.00,84.30,38493.00,8615.00,419.00,476.00,88.00,800.00,888.00,90.10,406.00,537.00,75.60,1.00,2.10,-1.10,32.00,203.00,21.00,2.00,140.00,1880.00,57.00,53.00,6.00,246.00,127.00,17.00,0.00,0.00,0.00,0.00,1299.00,295.00,343.00,142.00,1697.00,62.00,3.00,8.00,2.00,32.00,46.00,29.00,62.00,2.09,50.00,3.00,3.00,2.00,1.00,3.00,2.00,0.07,2.00,0.00,0.00,0.00,0.00,0.00,90.00,66.00,45.00,38.00,7.00,37.00,95.00,38.90,58.00,584.00,195.00,33.40,242.00,287.00,55.00,71.00,11.00,0.00,60.00,46.00,117.00,136.00,54.00,1.00,2326.00,96.00,550.00,1505.00,391.00,25.00,2257.00,12.00,19.00,63.20,14.00,0.00,1459.00,6069.00,3060.00,125.00,43.00,3.00,16.00,19.00,1693.00,1610.00,95.10,31.00,8.00,0.00,0.00,58.00,19.00,0.00,17.00,0.00,0.00,0.00,329.00,27.00,22.00,55.10,2675.00
Jeff Hendrick,0.29345839,0.20189796,0.203465614,0.62005524,ie IRL,MF,Newcastle Utd,28.00,1992.00,15.80,2.00,11.00,2.00,18.20,0.70,0.13,0.18,1.00,17.60,0.00,0.00,0.00,1.10,1.10,0.10,0.90,0.90,429.00,533.00,80.50,7532.00,1770.00,194.00,231.00,84.00,174.00,194.00,89.70,49.00,73.00,67.10,1.00,0.70,0.30,4.00,27.00,5.00,1.00,35.00,519.00,14.00,12.00,0.00,77.00,6.00,5.00,0.00,0.00,0.00,0.00,387.00,68.00,78.00,60.00,431.00,25.00,0.00,5.00,0.00,3.00,13.00,26.00,14.00,0.89,12.00,0.00,0.00,1.00,1.00,0.00,2.00,0.13,2.00,0.00,0.00,0.00,0.00,0.00,6.00,4.00,3.00,3.00,0.00,2.00,14.00,14.30,12.00,173.00,48.00,27.70,41.00,104.00,28.00,24.00,9.00,0.00,15.00,12.00,36.00,18.00,28.00,0.00,656.00,38.00,181.00,367.00,144.00,17.00,643.00,10.00,18.00,55.60,11.00,0.00,399.00,1634.00,654.00,22.00,9.00,2.00,9.00,15.00,498.00,422.00,84.70,16.00,3.00,1.00,1.00,15.00,12.00,3.00,5.00,0.00,0.00,0.00,138.00,15.00,29.00,34.10,1422.00
Tom Davies,0.236874,0.3012474,0.37688656,0.74171363,eng ENG,MF,Everton,22.00,1998.00,15.80,0.00,7.00,0.00,0.00,0.44,0.00,0.00,,24.60,0.00,0.00,0.00,0.20,0.20,0.02,-0.20,-0.20,573.00,684.00,83.80,10963.00,2685.00,236.00,264.00,89.40,252.00,284.00,88.70,78.00,107.00,72.90,1.00,1.00,0.00,7.00,43.00,7.00,2.00,47.00,672.00,12.00,7.00,2.00,111.00,15.00,5.00,0.00,0.00,0.00,0.00,518.00,72.00,94.00,88.00,540.00,46.00,4.00,2.00,1.00,11.00,17.00,24.00,21.00,1.33,20.00,0.00,1.00,0.00,0.00,0.00,2.00,0.13,2.00,0.00,0.00,0.00,0.00,0.00,33.00,28.00,21.00,11.00,1.00,10.00,40.00,25.00,30.00,272.00,91.00,33.50,115.00,123.00,34.00,21.00,8.00,0.00,13.00,34.00,55.00,67.00,30.00,1.00,857.00,57.00,297.00,505.00,110.00,5.00,847.00,16.00,22.00,72.70,18.00,0.00,537.00,2716.00,1348.00,52.00,12.00,2.00,14.00,15.00,638.00,576.00,90.30,23.00,3.00,0.00,0.00,38.00,29.00,0.00,5.00,0.00,1.00,0.00,130.00,9.00,16.00,36.00,1423.00
Romaine Sawyers,0.226679,0.1833956,0.24792664,0.77622595,kn SKN,MF,West Brom,28.00,1991.00,16.50,0.00,4.00,0.00,0.00,0.24,0.00,0.00,,23.10,0.00,0.00,0.00,0.10,0.10,0.04,-0.10,-0.10,605.00,712.00,85.00,11796.00,3172.00,232.00,261.00,88.90,277.00,312.00,88.80,87.00,115.00,75.70,0.00,0.40,-0.40,5.00,57.00,5.00,2.00,53.00,681.00,31.00,19.00,1.00,89.00,18.00,5.00,0.00,0.00,0.00,0.00,518.00,81.00,113.00,68.00,596.00,28.00,1.00,8.00,4.00,7.00,10.00,15.00,13.00,0.79,12.00,0.00,0.00,0.00,1.00,0.00,2.00,0.12,2.00,0.00,0.00,0.00,0.00,0.00,31.00,19.00,21.00,9.00,1.00,10.00,36.00,27.80,26.00,332.00,81.00,24.40,165.00,143.00,24.00,18.00,2.00,0.00,16.00,22.00,40.00,53.00,15.00,1.00,844.00,29.00,259.00,528.00,103.00,2.00,813.00,9.00,19.00,47.40,11.00,0.00,513.00,2645.00,1105.00,39.00,5.00,0.00,9.00,17.00,567.00,533.00,94.00,10.00,2.00,0.00,0.00,31.00,18.00,0.00,5.00,0.00,0.00,1.00,176.00,13.00,6.00,68.40,1487.00
Moussa Sissoko,0.106337,0.2189392,0.446160326,0.74057214,fr FRA,MF,Tottenham,30.00,1989.00,17.60,0.00,3.00,1.00,33.30,0.17,0.06,0.00,0.00,13.20,0.00,0.00,0.00,0.40,0.40,0.12,-0.40,-0.40,666.00,792.00,84.10,11832.00,2567.00,295.00,339.00,87.00,285.00,317.00,89.90,71.00,105.00,67.60,0.00,0.50,-0.50,5.00,50.00,6.00,2.00,36.00,745.00,47.00,10.00,1.00,86.00,19.00,10.00,0.00,0.00,0.00,0.00,580.00,96.00,116.00,67.00,629.00,42.00,37.00,5.00,0.00,7.00,20.00,13.00,17.00,0.97,16.00,0.00,0.00,0.00,1.00,0.00,1.00,0.06,1.00,0.00,0.00,0.00,0.00,0.00,25.00,20.00,21.00,3.00,1.00,7.00,21.00,33.30,14.00,242.00,75.00,31.00,135.00,84.00,23.00,27.00,5.00,0.00,22.00,16.00,43.00,41.00,32.00,0.00,932.00,63.00,274.00,551.00,177.00,10.00,885.00,17.00,30.00,56.70,20.00,0.00,573.00,3083.00,1529.00,67.00,26.00,3.00,8.00,14.00,647.00,583.00,90.10,28.00,3.00,0.00,0.00,26.00,12.00,0.00,10.00,0.00,0.00,0.00,183.00,17.00,24.00,41.50,1585.00
Steven Alzate,0.21687104,0.5695615,0.55172677,0.66594092,co COL,CDM,Brighton,21.00,1998.00,10.00,1.00,7.00,2.00,28.60,0.70,0.20,0.14,0.50,17.20,0.00,0.00,0.00,0.70,0.70,0.10,0.30,0.30,399.00,446.00,89.50,6928.00,1321.00,194.00,213.00,91.10,154.00,163.00,94.50,45.00,54.00,83.30,0.00,0.50,-0.50,10.00,33.00,6.00,0.00,35.00,431.00,15.00,3.00,0.00,75.00,12.00,2.00,2.00,1.00,1.00,0.00,374.00,41.00,31.00,36.00,381.00,14.00,9.00,2.00,0.00,3.00,6.00,8.00,25.00,2.51,20.00,1.00,1.00,3.00,0.00,0.00,1.00,0.10,1.00,0.00,0.00,0.00,0.00,0.00,19.00,15.00,12.00,4.00,3.00,2.00,9.00,22.20,7.00,159.00,54.00,34.00,44.00,70.00,45.00,16.00,1.00,0.00,15.00,7.00,23.00,26.00,9.00,1.00,536.00,19.00,116.00,288.00,167.00,16.00,523.00,8.00,13.00,61.50,9.00,0.00,397.00,1978.00,1030.00,49.00,14.00,4.00,11.00,14.00,444.00,397.00,89.40,22.00,2.00,0.00,0.00,25.00,10.00,1.00,2.00,0.00,0.00,0.00,68.00,6.00,14.00,30.00,896.00
Filip KrovinoviÄ,0.3186732,0.6725418,0.999999236,0.8202753,hr CRO,MF,West Brom,24.00,1995.00,6.10,0.00,8.00,2.00,25.00,1.32,0.33,0.00,0.00,24.10,0.00,0.00,0.00,0.20,0.20,0.03,-0.20,-0.20,308.00,365.00,84.40,5338.00,1511.00,140.00,157.00,89.20,127.00,146.00,87.00,31.00,44.00,70.50,0.00,0.30,-0.30,5.00,37.00,7.00,0.00,40.00,333.00,32.00,16.00,0.00,52.00,5.00,5.00,6.00,1.00,2.00,2.00,263.00,53.00,49.00,35.00,299.00,19.00,2.00,4.00,2.00,2.00,3.00,11.00,17.00,2.80,10.00,3.00,3.00,0.00,1.00,0.00,1.00,0.16,1.00,0.00,0.00,0.00,0.00,0.00,16.00,10.00,6.00,7.00,3.00,5.00,18.00,27.80,13.00,103.00,22.00,21.40,36.00,53.00,14.00,5.00,0.00,0.00,5.00,2.00,7.00,18.00,6.00,0.00,424.00,7.00,73.00,259.00,119.00,5.00,393.00,8.00,9.00,88.90,8.00,0.00,279.00,1706.00,923.00,44.00,13.00,2.00,7.00,8.00,325.00,288.00,88.60,26.00,0.00,0.00,0.00,10.00,11.00,0.00,5.00,0.00,0.00,0.00,70.00,8.00,13.00,38.10,546.00
Josh Brownhill,0.2316694,0.33739313,0.261689046,0.908125036,eng ENG,MF,Burnley,24.00,1995.00,31.30,0.00,36.00,8.00,22.20,1.15,0.26,0.00,0.00,20.40,8.00,0.00,0.00,1.90,1.90,0.05,-1.90,-1.90,938.00,1187.00,79.00,14887.00,3376.00,488.00,559.00,87.30,326.00,402.00,81.10,80.00,152.00,52.60,1.00,1.10,-0.10,19.00,66.00,17.00,2.00,66.00,1164.00,23.00,10.00,0.00,259.00,19.00,17.00,0.00,0.00,0.00,0.00,710.00,204.00,273.00,126.00,863.00,116.00,11.00,10.00,2.00,17.00,15.00,25.00,46.00,1.47,34.00,0.00,2.00,2.00,6.00,2.00,1.00,0.03,1.00,0.00,0.00,0.00,0.00,0.00,51.00,28.00,11.00,32.00,8.00,10.00,44.00,22.70,34.00,490.00,125.00,25.50,103.00,261.00,126.00,59.00,12.00,1.00,47.00,53.00,112.00,104.00,56.00,0.00,1502.00,72.00,281.00,814.00,465.00,65.00,1472.00,14.00,19.00,73.70,15.00,0.00,742.00,3067.00,1315.00,64.00,22.00,7.00,22.00,14.00,954.00,810.00,84.90,85.00,2.00,0.00,0.00,48.00,39.00,2.00,17.00,0.00,0.00,0.00,398.00,71.00,43.00,62.30,2813.00
Naby KeÃ¯ta,0.3346049,0.83555465,0.9008921,0.82904119,gn GUI,MF,Liverpool,25.00,1995.00,5.80,0.00,9.00,2.00,22.20,1.56,0.35,0.00,0.00,19.50,0.00,0.00,0.00,0.50,0.50,0.06,-0.50,-0.50,311.00,356.00,87.40,5328.00,1190.00,143.00,166.00,86.10,133.00,141.00,94.30,27.00,35.00,77.10,0.00,0.80,-0.80,6.00,31.00,10.00,1.00,32.00,344.00,12.00,4.00,1.00,62.00,6.00,4.00,0.00,0.00,0.00,0.00,279.00,47.00,30.00,24.00,312.00,16.00,1.00,0.00,1.00,2.00,8.00,6.00,15.00,2.60,12.00,0.00,1.00,2.00,0.00,0.00,1.00,0.17,1.00,0.00,0.00,0.00,0.00,0.00,7.00,5.00,4.00,2.00,1.00,2.00,18.00,11.10,16.00,144.00,37.00,25.70,18.00,75.00,51.00,11.00,0.00,0.00,11.00,12.00,23.00,19.00,6.00,0.00,426.00,6.00,50.00,278.00,132.00,18.00,415.00,12.00,15.00,80.00,13.00,0.00,301.00,1452.00,837.00,50.00,17.00,2.00,10.00,12.00,352.00,316.00,89.80,25.00,1.00,0.00,0.00,17.00,6.00,0.00,4.00,0.00,0.00,0.00,56.00,5.00,8.00,38.50,520.00
Oliver Norwood,0.0759145,0.60246088,0.209047826,0.762305516,nir NIR,MF,Sheffield Utd,29.00,1991.00,24.70,0.00,11.00,1.00,9.10,0.45,0.04,0.00,0.00,28.90,2.00,0.00,0.00,0.50,0.50,0.04,-0.50,-0.50,1180.00,1483.00,79.60,27097.00,7444.00,350.00,394.00,88.80,544.00,624.00,87.20,277.00,446.00,62.10,0.00,1.70,-1.70,31.00,131.00,29.00,10.00,106.00,1351.00,132.00,65.00,1.00,174.00,113.00,40.00,64.00,30.00,15.00,11.00,952.00,151.00,380.00,71.00,1337.00,55.00,2.00,4.00,10.00,24.00,35.00,12.00,45.00,1.82,31.00,14.00,0.00,0.00,0.00,0.00,1.00,0.04,1.00,0.00,0.00,0.00,0.00,0.00,57.00,29.00,22.00,32.00,3.00,17.00,78.00,21.80,61.00,459.00,106.00,23.10,170.00,233.00,56.00,37.00,12.00,1.00,25.00,40.00,77.00,97.00,61.00,1.00,1712.00,93.00,464.00,951.00,345.00,8.00,1579.00,4.00,6.00,66.70,4.00,0.00,913.00,3121.00,1391.00,52.00,5.00,0.00,11.00,11.00,1138.00,1097.00,96.40,16.00,6.00,0.00,0.00,47.00,13.00,0.00,40.00,0.00,0.00,0.00,263.00,17.00,23.00,42.50,2220.00
James McCarthy,0.205301,0.2983675,0.127602064,0.86950892,ie IRL,MF,Crystal Palace,29.00,1990.00,9.10,0.00,1.00,0.00,0.00,0.11,0.00,0.00,,28.00,0.00,0.00,0.00,0.00,0.00,0.01,0.00,0.00,254.00,329.00,77.20,5343.00,1306.00,84.00,100.00,84.00,116.00,137.00,84.70,49.00,79.00,62.00,0.00,0.30,-0.30,6.00,26.00,4.00,3.00,24.00,315.00,14.00,8.00,0.00,52.00,15.00,5.00,6.00,4.00,1.00,1.00,188.00,49.00,92.00,89.00,214.00,18.00,0.00,1.00,0.00,8.00,7.00,12.00,12.00,1.32,10.00,1.00,0.00,0.00,0.00,1.00,1.00,0.11,0.00,0.00,0.00,0.00,0.00,1.00,18.00,8.00,12.00,6.00,0.00,10.00,25.00,40.00,15.00,181.00,42.00,23.20,86.00,82.00,13.00,20.00,8.00,0.00,12.00,8.00,28.00,26.00,12.00,0.00,401.00,33.00,118.00,247.00,50.00,1.00,388.00,3.00,5.00,60.00,4.00,0.00,199.00,729.00,314.00,15.00,3.00,0.00,3.00,2.00,216.00,204.00,94.40,4.00,1.00,0.00,0.00,10.00,8.00,0.00,5.00,0.00,0.00,0.00,112.00,7.00,8.00,46.70,821.00
Jake Livermore,0.1357,0.1439497,0.108525308,0.77761697,eng ENG,MF,West Brom,30.00,1989.00,13.80,0.00,5.00,0.00,0.00,0.36,0.00,0.00,,19.60,0.00,0.00,0.00,0.20,0.20,0.05,-0.20,-0.20,283.00,381.00,74.30,4979.00,1148.00,125.00,152.00,82.20,111.00,147.00,75.50,36.00,62.00,58.10,0.00,0.20,-0.20,5.00,29.00,2.00,1.00,25.00,377.00,4.00,2.00,1.00,61.00,4.00,4.00,0.00,0.00,0.00,0.00,251.00,45.00,85.00,29.00,314.00,23.00,0.00,0.00,1.00,6.00,8.00,10.00,8.00,0.58,7.00,0.00,0.00,1.00,0.00,0.00,1.00,0.07,1.00,0.00,0.00,0.00,0.00,0.00,29.00,19.00,10.00,17.00,2.00,11.00,32.00,34.40,21.00,244.00,67.00,27.50,75.00,132.00,37.00,33.00,7.00,0.00,26.00,19.00,52.00,48.00,33.00,0.00,523.00,49.00,158.00,315.00,69.00,8.00,519.00,2.00,6.00,33.30,2.00,0.00,258.00,1000.00,404.00,15.00,4.00,0.00,6.00,8.00,280.00,244.00,87.10,9.00,2.00,1.00,0.00,36.00,7.00,0.00,4.00,0.00,0.00,1.00,143.00,18.00,19.00,48.60,1242.00
Jack Cork,0.124841,0.2721724,0.22975613,0.7484235,eng ENG,MF,Burnley,31.00,1989.00,15.00,0.00,5.00,0.00,0.00,0.33,0.00,0.00,,19.80,0.00,0.00,0.00,0.30,0.30,0.06,-0.30,-0.30,413.00,499.00,82.80,6590.00,1287.00,215.00,243.00,88.50,147.00,162.00,90.70,36.00,61.00,59.00,0.00,0.60,-0.60,7.00,39.00,3.00,0.00,26.00,493.00,6.00,1.00,0.00,107.00,11.00,4.00,0.00,0.00,0.00,0.00,358.00,64.00,77.00,66.00,374.00,25.00,5.00,3.00,3.00,9.00,8.00,12.00,18.00,1.20,16.00,0.00,0.00,1.00,1.00,0.00,1.00,0.07,1.00,0.00,0.00,0.00,0.00,0.00,25.00,16.00,6.00,15.00,4.00,9.00,27.00,33.30,18.00,234.00,71.00,30.30,58.00,121.00,55.00,20.00,6.00,0.00,14.00,15.00,35.00,40.00,24.00,0.00,626.00,27.00,107.00,393.00,158.00,13.00,620.00,3.00,7.00,42.90,5.00,0.00,362.00,1782.00,710.00,33.00,11.00,2.00,9.00,14.00,438.00,366.00,83.60,23.00,2.00,0.00,0.00,23.00,14.00,0.00,4.00,0.00,0.00,0.00,154.00,32.00,21.00,60.40,1350.00
Jamie Shackleton,0.365641,0.2669068,0.4433754,0.528015951,eng ENG,CDM,Leeds United,20.00,1999.00,5.10,0.00,0.00,0.00,,0.00,0.00,,,,0.00,0.00,0.00,0.00,0.00,,0.00,0.00,182.00,206.00,88.30,2900.00,627.00,89.00,98.00,90.80,73.00,81.00,90.10,13.00,15.00,86.70,0.00,0.30,-0.30,2.00,7.00,2.00,1.00,7.00,186.00,20.00,2.00,0.00,30.00,3.00,2.00,0.00,0.00,0.00,0.00,150.00,40.00,16.00,46.00,133.00,4.00,18.00,1.00,1.00,3.00,1.00,6.00,6.00,1.17,6.00,0.00,0.00,0.00,0.00,0.00,1.00,0.20,1.00,0.00,0.00,0.00,0.00,0.00,8.00,5.00,4.00,4.00,0.00,1.00,8.00,12.50,7.00,74.00,18.00,24.30,21.00,37.00,16.00,7.00,1.00,0.00,6.00,6.00,13.00,14.00,5.00,0.00,244.00,10.00,56.00,118.00,81.00,9.00,224.00,1.00,3.00,33.30,3.00,0.00,145.00,582.00,302.00,17.00,6.00,2.00,8.00,3.00,201.00,158.00,78.60,18.00,0.00,0.00,0.00,5.00,2.00,1.00,2.00,0.00,0.00,0.00,36.00,4.00,6.00,40.00,461.00
Marvelous Nakamba,0.108799,0.1090138,0.158576996,0.9376234,zw ZIM,MF,Aston Villa,26.00,1994.00,8.30,0.00,2.00,1.00,50.00,0.24,0.12,0.00,0.00,25.60,0.00,0.00,0.00,0.00,0.00,0.02,0.00,0.00,234.00,273.00,85.70,4243.00,950.00,99.00,112.00,88.40,99.00,111.00,89.20,30.00,43.00,69.80,0.00,0.00,0.00,1.00,16.00,0.00,0.00,9.00,269.00,4.00,4.00,0.00,56.00,4.00,1.00,0.00,0.00,0.00,0.00,217.00,24.00,32.00,229.00,32.00,9.00,0.00,1.00,0.00,3.00,3.00,1.00,4.00,0.48,4.00,0.00,0.00,0.00,0.00,0.00,0.00,0.00,0.00,0.00,0.00,0.00,0.00,0.00,23.00,14.00,9.00,14.00,0.00,4.00,10.00,40.00,6.00,208.00,62.00,29.80,108.00,89.00,11.00,21.00,5.00,0.00,16.00,11.00,32.00,34.00,18.00,0.00,362.00,25.00,137.00,211.00,33.00,1.00,358.00,2.00,3.00,66.70,3.00,0.00,206.00,1011.00,356.00,6.00,2.00,0.00,4.00,5.00,212.00,205.00,96.70,2.00,3.00,0.00,0.00,8.00,12.00,0.00,1.00,0.00,0.00,0.00,68.00,8.00,8.00,50.00,749.00
Harry Winks,0.0946435,0.30245345,0.476171727,0.803402676,eng ENG,CDM,Tottenham,24.00,1996.00,9.60,0.00,4.00,1.00,25.00,0.42,0.10,0.00,0.00,29.10,0.00,0.00,0.00,0.10,0.10,0.01,-0.10,-0.10,554.00,658.00,84.20,10474.00,2951.00,230.00,252.00,91.30,243.00,270.00,90.00,72.00,110.00,65.50,0.00,0.30,-0.30,5.00,73.00,6.00,0.00,54.00,642.00,16.00,15.00,3.00,65.00,21.00,2.00,0.00,0.00,0.00,0.00,511.00,50.00,97.00,73.00,554.00,23.00,0.00,1.00,0.00,13.00,11.00,14.00,8.00,0.84,6.00,0.00,1.00,0.00,0.00,1.00,0.00,0.00,0.00,0.00,0.00,0.00,0.00,0.00,24.00,14.00,15.00,9.00,0.00,9.00,22.00,40.90,13.00,161.00,52.00,32.30,70.00,74.00,17.00,12.00,4.00,0.00,8.00,16.00,28.00,40.00,12.00,0.00,740.00,30.00,188.00,509.00,74.00,1.00,727.00,4.00,6.00,66.70,5.00,0.00,480.00,2058.00,991.00,28.00,9.00,0.00,3.00,7.00,566.00,545.00,96.30,6.00,5.00,0.00,0.00,12.00,14.00,0.00,2.00,0.00,0.00,0.00,102.00,8.00,6.00,57.10,861.00
Isaac Hayden,0.0839034,0.1786886,0.1931706,0.79177432,eng ENG,CDM,Newcastle Utd,25.00,1995.00,21.60,0.00,13.00,2.00,15.40,0.60,0.09,0.00,0.00,20.30,0.00,0.00,0.00,0.50,0.50,0.04,-0.50,-0.50,629.00,790.00,79.60,12063.00,2698.00,247.00,291.00,84.90,295.00,339.00,87.00,83.00,123.00,67.50,0.00,0.40,-0.40,5.00,48.00,3.00,1.00,41.00,735.00,55.00,20.00,1.00,136.00,16.00,12.00,0.00,0.00,0.00,0.00,545.00,87.00,158.00,111.00,564.00,50.00,22.00,2.00,2.00,20.00,18.00,32.00,17.00,0.79,12.00,0.00,0.00,1.00,1.00,3.00,0.00,0.00,0.00,0.00,0.00,0.00,0.00,0.00,50.00,34.00,14.00,28.00,8.00,7.00,27.00,25.90,20.00,407.00,101.00,24.80,158.00,194.00,55.00,42.00,8.00,0.00,34.00,46.00,88.00,96.00,57.00,1.00,1031.00,74.00,343.00,537.00,193.00,13.00,978.00,10.00,18.00,55.60,11.00,0.00,567.00,2019.00,758.00,25.00,14.00,2.00,15.00,17.00,609.00,534.00,87.70,26.00,8.00,0.00,0.00,46.00,20.00,1.00,12.00,0.00,0.00,0.00,217.00,55.00,37.00,59.80,1942.00
Mark Noble,None,0.36574685,0.39503124,0.69080076,eng ENG,MF,West Ham,33.00,1987.00,7.90,0.00,1.00,0.00,0.00,0.13,0.00,0.00,,21.00,0.00,0.00,0.00,0.00,0.00,0.03,0.00,0.00,374.00,429.00,87.20,7323.00,1739.00,147.00,162.00,90.70,161.00,175.00,92.00,61.00,76.00,80.30,0.00,0.20,-0.20,5.00,41.00,6.00,3.00,25.00,397.00,32.00,16.00,2.00,54.00,20.00,4.00,5.00,2.00,1.00,1.00,304.00,53.00,72.00,21.00,386.00,11.00,4.00,1.00,1.00,2.00,12.00,7.00,7.00,0.88,4.00,3.00,0.00,0.00,0.00,0.00,0.00,0.00,0.00,0.00,0.00,0.00,0.00,0.00,7.00,5.00,3.00,3.00,1.00,2.00,14.00,14.30,12.00,116.00,23.00,19.80,46.00,57.00,13.00,9.00,3.00,0.00,6.00,11.00,20.00,18.00,7.00,0.00,475.00,12.00,97.00,319.00,81.00,2.00,444.00,3.00,6.00,50.00,3.00,0.00,303.00,1591.00,610.00,27.00,10.00,2.00,3.00,2.00,360.00,328.00,91.10,8.00,1.00,0.00,0.00,12.00,11.00,1.00,4.00,0.00,0.00,0.00,77.00,7.00,2.00,77.80,712.00