Player,b,xe,xe rank,creativity,creativity cross,xe rank,drib,drib cross,xe rank,def,def xe,xe rank,Nation,Pos,Squad,Age,Born,90sâ¼,Gls,Sh,SoT,SoT%,Sh/90,SoT/90,G/Sh,G/SoT,Dist,FK,PK,PKatt,xG,npxG,npxG/Sh,G-xG,np:G-xG,Passing Cmp,Passing Att,Passing Cmp%,Passing TotDist,Passing PrgDist,Short Passing Cmp,Short Passing Att,Short Passing Cmp%,Medium Passing Cmp,Medium Passing Att,Medium Passing Cmp%,Long Passing Cmp,Long Passing Att,Long Passing Cmp%,Assists,xA,A-xA,KP,Final Third Passes,PPA,CrsPA,Progressive Passes,Live Passes,Dead Passes,FK Passes,TB Passes,Press Passes,Sw Passes,Crs Passes,CK Passes,CK Inswinging,CK Outswinging,CK Straight,Ground Passes,Low Passes,High Passes,Left Footed Passes,Right Footed Passes,Head Passes,Throw in Passes,Other Passes,Offside Passes,Out Passes,Intercepted Passes,Blocked Passes,SCA,SCA90,SCA PassLive,SCA PassDead,SCA Drib,SCA Sh,SCA Fld,SCA Def,GCA,GCA90,GCA PassLive,GCA PassDead,GCA Drib,GCA Sh,GCA Fld,GCA Def,Tackles Tkl,Tackles TklW,Tackles Def 3rd,Tackles Mid 3rd,Tackles Att 3rd,vs Dribble TklW,vs Dribble Tkl Att,vs Dribble Tkl%,vs Dribble Past,Pressures Total,Pressures Succ,Pressures Succesful%,Pressures Def 3rd,Pressures Mid 3rd,Pressures Att 3rd,Blocks,Blocked Shots,Blcoked SOT,Blocked Pass,Int,Blocks and Interceptions,Tkl+Int,Clearances,Mistake To Goal,Touches,Touches Def Pen,Touches Def 3rd,Touches Mid 3rd,Touches Att 3rd,Touches Att Pen,Touches Live,Dribbles Succ,Dribbles Att,Dribbles Succ%,Dribbles #Pl,Megs,Carries,Carry TotDist,Carry PrgDist,Carry Prog,Carries Final Third,Carry into box,Miscontrol,Displaced,Receiving Pass Target,Receiving Pass Rec,Rec%,Proggresive Passes Received,CrdY,CrdR,2CrdY,Fls,Fld,Offsides,Crosses Attempted,PKwon,PKcon,OG,Recoveries,Aerial Duels Won,Aerial Duels Lost,Aerial Duels Won%,Minutes Played
Riyad Mahrez,0.945,0.144,20.000,1.000,0.470,1.000,1.000,0.460,11.000,0.829,0.150,38.000,dz ALG,Winger,Manchester City,29.00,1991.00,21.70,0.00462,0.02976,0.01129,0.01945,0.00138,0.00052,0.00008,0.00021,0.00847,0.00154,0.00000,0.00000,0.00287,0.00287,0.00005,0.00174,0.00174,0.46896,0.55721,0.04320,7.67111,1.60852,0.25192,0.27450,0.04710,0.17394,0.20010,0.04459,0.03489,0.05798,0.03089,0.00308,0.00303,0.00005,0.02104,0.01796,0.02668,0.00308,0.04515,0.52335,0.03386,0.00564,0.00410,0.08158,0.01437,0.03079,0.02104,0.01077,0.00000,0.00103,0.42945,0.05233,0.07542,0.49923,0.03746,0.00667,0.00513,0.00103,0.00051,0.00667,0.00718,0.01437,0.04310,0.00199,0.02976,0.00359,0.00257,0.00410,0.00154,0.00154,0.00718,0.00033,0.00462,0.00051,0.00103,0.00051,0.00000,0.00051,0.01026,0.00770,0.00154,0.00462,0.00410,0.00410,0.01796,0.01175,0.01385,0.12930,0.03027,0.01201,0.01334,0.05747,0.05849,0.01231,0.00051,0.00000,0.01180,0.00308,0.01539,0.01334,0.00154,0.00000,0.68343,0.00308,0.03540,0.24936,0.44946,0.08004,0.65059,0.01847,0.03797,0.02494,0.02001,0.00000,0.53617,2.80862,1.55977,0.10364,0.02309,0.02463,0.01693,0.01796,0.66239,0.55208,0.04274,0.08928,0.00000,0.00000,0.00000,0.00924,0.01898,0.00359,0.03079,0.00000,0.00000,0.00000,0.06311,0.00770,0.00924,0.02335,1.00000
Roberto Firmino,0.434,0.104,34.000,1.000,0.360,7.000,0.527,0.310,23.000,0.999,0.280,3.000,kr KOR,FW,Tottenham,28.00,1992.00,34.60,0.00872,0.03489,0.01796,0.02642,0.00101,0.00052,0.00012,0.00024,0.00872,0.00051,0.00051,0.00051,0.00528,0.00487,0.00007,0.00344,0.00334,0.47204,0.61519,0.03935,7.49410,1.66444,0.26526,0.30580,0.04448,0.14007,0.17650,0.04074,0.04515,0.09697,0.02391,0.00513,0.00457,0.00056,0.03951,0.01642,0.01488,0.00103,0.03284,0.53822,0.07696,0.01898,0.00154,0.10518,0.02565,0.02771,0.04977,0.02360,0.01847,0.00513,0.41919,0.09236,0.10364,0.08722,0.48332,0.02463,0.00513,0.00308,0.00257,0.00564,0.01488,0.01591,0.06003,0.00173,0.03797,0.01437,0.00410,0.00051,0.00308,0.00000,0.00770,0.00022,0.00564,0.00103,0.00103,0.00000,0.00000,0.00000,0.01488,0.00872,0.00462,0.00770,0.00257,0.00667,0.03643,0.00939,0.02976,0.31657,0.07234,0.01175,0.06157,0.16367,0.09133,0.01744,0.00154,0.00000,0.01591,0.01180,0.02925,0.02668,0.00205,0.00000,0.78964,0.00667,0.08825,0.33710,0.41714,0.07337,0.71421,0.01950,0.03130,0.03197,0.01950,0.00257,0.53258,2.92612,1.50898,0.08261,0.02617,0.01693,0.02565,0.03284,0.87019,0.56798,0.03350,0.13802,0.00000,0.00000,0.00000,0.00821,0.03130,0.00821,0.02771,0.00000,0.00000,0.00000,0.08261,0.01231,0.03438,0.01355,1.59774
Son Heung-min,0.691,0.166,15.000,1.000,0.400,5.000,0.627,0.350,20.000,0.725,0.200,24.000,eng ENG,FW,Tottenham,27.00,1993.00,34.20,0.01180,0.06875,0.02411,0.01801,0.00201,0.00070,0.00007,0.00021,0.00908,0.00718,0.00205,0.00205,0.01052,0.00898,0.00007,0.00128,0.00077,0.33710,0.48076,0.03597,6.42329,1.96768,0.15393,0.19754,0.03997,0.12109,0.16213,0.03833,0.05233,0.08722,0.03079,0.00718,0.00380,0.00339,0.02463,0.05028,0.02104,0.00359,0.06414,0.45664,0.02411,0.00513,0.00616,0.12263,0.02771,0.01898,0.00000,0.00000,0.00000,0.00000,0.25808,0.11237,0.11031,0.06362,0.34479,0.03130,0.00410,0.00462,0.00410,0.00667,0.02052,0.02258,0.05798,0.00169,0.03592,0.00103,0.00924,0.00462,0.00616,0.00103,0.01283,0.00037,0.00770,0.00051,0.00308,0.00000,0.00154,0.00000,0.00924,0.00616,0.00154,0.00616,0.00154,0.00257,0.01026,0.01283,0.00770,0.20062,0.05080,0.01298,0.01077,0.09749,0.09236,0.01539,0.00667,0.00051,0.00872,0.00770,0.02309,0.01693,0.02104,0.00000,0.71626,0.02565,0.07286,0.37763,0.31606,0.08517,0.68805,0.02360,0.04053,0.02986,0.02411,0.00410,0.46024,2.36839,1.30169,0.07696,0.02719,0.01334,0.03130,0.03643,0.90354,0.54130,0.03073,0.11442,0.00051,0.00000,0.00000,0.01437,0.03592,0.00616,0.01898,0.00103,0.00000,0.00000,0.07953,0.04618,0.06619,0.02109,1.58132
Gareth Bale,1.000,0.358,1.000,1.000,0.460,2.000,1.000,0.570,5.000,1.000,0.190,29.000,de GER,FW,Chelsea,24.00,1996.00,28.90,0.00308,0.04105,0.01591,0.01991,0.00142,0.00055,0.00004,0.00010,0.00708,0.00000,0.00000,0.00000,0.00611,0.00611,0.00008,-0.00303,-0.00303,0.32735,0.42381,0.03961,4.93022,0.97178,0.17907,0.22011,0.04177,0.12314,0.14315,0.04413,0.01385,0.02719,0.02612,0.00410,0.00313,0.00097,0.01744,0.01591,0.01180,0.00308,0.02873,0.40739,0.01642,0.00051,0.00205,0.06824,0.00564,0.02463,0.00051,0.00000,0.00000,0.00000,0.33350,0.05233,0.03797,0.07081,0.32632,0.01744,0.00308,0.00051,0.00205,0.00564,0.01180,0.02309,0.04361,0.00151,0.02873,0.00000,0.00308,0.00462,0.00667,0.00051,0.00975,0.00034,0.00513,0.00000,0.00154,0.00051,0.00205,0.00051,0.01437,0.00924,0.00462,0.00718,0.00257,0.00513,0.02155,0.01221,0.01642,0.19497,0.05695,0.01498,0.03489,0.07953,0.08055,0.01231,0.00051,0.00000,0.01180,0.00308,0.01539,0.01744,0.00205,0.00000,0.60339,0.00308,0.04823,0.24628,0.35403,0.10364,0.58697,0.01539,0.04053,0.01950,0.01796,0.00154,0.41560,2.65931,1.61775,0.07542,0.02463,0.02925,0.03951,0.02617,0.74141,0.47358,0.03279,0.13186,0.00103,0.00000,0.00000,0.01642,0.01847,0.01334,0.02463,0.00257,0.00000,0.00000,0.07388,0.00667,0.02104,0.01237,1.33504
Sadio ManÃ©,0.554,0.126,25.000,0.987,0.460,2.000,0.832,0.370,18.000,0.908,0.270,4.000,br BRA,FW,Liverpool,28.00,1991.00,31.50,0.00462,0.04259,0.01642,0.01981,0.00135,0.00052,0.00006,0.00014,0.00708,0.00000,0.00000,0.00000,0.00646,0.00646,0.00008,-0.00185,-0.00185,0.53515,0.67111,0.04089,8.05798,2.02309,0.30375,0.35505,0.04387,0.17804,0.22114,0.04130,0.03284,0.04669,0.03607,0.00359,0.00328,0.00031,0.02360,0.04361,0.02206,0.00000,0.06875,0.64956,0.02155,0.00154,0.00410,0.14726,0.00462,0.01642,0.00103,0.00000,0.00000,0.00000,0.52335,0.09646,0.05131,0.08312,0.54695,0.02001,0.00770,0.00616,0.00103,0.00257,0.03232,0.02514,0.05490,0.00174,0.04105,0.00000,0.00616,0.00462,0.00257,0.00051,0.00462,0.00015,0.00410,0.00000,0.00000,0.00051,0.00000,0.00000,0.01796,0.01129,0.00205,0.00718,0.00872,0.00616,0.01950,0.01621,0.01334,0.30580,0.08979,0.01508,0.03746,0.14315,0.12519,0.02976,0.00257,0.00000,0.02719,0.00513,0.03489,0.02309,0.00564,0.00000,0.85942,0.00821,0.06670,0.39867,0.44074,0.11134,0.83838,0.02565,0.03746,0.03515,0.02719,0.00257,0.60339,2.74654,1.44536,0.08620,0.01950,0.01642,0.03027,0.02719,0.92919,0.65880,0.03638,0.15854,0.00103,0.00000,0.00000,0.01180,0.01591,0.00205,0.01642,0.00000,0.00000,0.00000,0.10467,0.01283,0.04464,0.01144,1.45613
Mohamed Salah,0.714,0.218,5.000,0.978,0.410,4.000,0.717,0.230,31.000,0.843,0.220,18.000,sct SCO,FW,Southampton,24.00,1996.00,29.60,0.00462,0.02873,0.01591,0.02842,0.00097,0.00054,0.00008,0.00015,0.00672,0.00000,0.00000,0.00000,0.00446,0.00446,0.00008,0.00015,0.00015,0.22730,0.32478,0.03592,3.77578,0.83787,0.11647,0.15495,0.03858,0.07337,0.09441,0.03987,0.02617,0.03746,0.03586,0.00257,0.00298,-0.00041,0.01744,0.01385,0.01283,0.00103,0.03130,0.31862,0.00616,0.00051,0.00410,0.09030,0.00718,0.00667,0.00000,0.00000,0.00000,0.00000,0.20421,0.06414,0.05644,0.02001,0.25654,0.01847,0.00000,0.01231,0.00308,0.00462,0.01437,0.01693,0.03386,0.00114,0.02463,0.00000,0.00051,0.00308,0.00410,0.00154,0.00410,0.00014,0.00359,0.00000,0.00000,0.00000,0.00051,0.00000,0.01539,0.00872,0.00257,0.00667,0.00616,0.00308,0.01180,0.01339,0.00872,0.22063,0.07081,0.01647,0.02463,0.08312,0.11288,0.01334,0.00205,0.00000,0.01129,0.00564,0.01898,0.02104,0.00821,0.00051,0.50077,0.01129,0.05028,0.22781,0.25244,0.05644,0.49513,0.01283,0.02258,0.02914,0.01437,0.00000,0.32324,1.34787,0.59979,0.03438,0.01385,0.00513,0.03797,0.02668,0.75629,0.37660,0.02555,0.09697,0.00051,0.00000,0.00000,0.01642,0.03489,0.00975,0.00667,0.00000,0.00000,0.00000,0.06106,0.02411,0.07234,0.01283,1.36839
Adama TraorÃ©,0.279,0.029,50.000,0.935,0.400,5.000,1.000,0.710,1.000,0.814,0.200,24.000,wls WAL,FW,Tottenham,31.00,1989.00,10.20,0.00564,0.01950,0.00975,0.02565,0.00191,0.00095,0.00015,0.00030,0.00934,0.00359,0.00000,0.00000,0.00272,0.00272,0.00008,0.00292,0.00292,0.14572,0.20934,0.03571,2.85993,0.91226,0.07234,0.08722,0.04253,0.04156,0.05900,0.03612,0.02719,0.04874,0.02863,0.00103,0.00097,0.00005,0.01026,0.01180,0.00821,0.00308,0.01642,0.19292,0.01642,0.00462,0.00051,0.04669,0.01642,0.01488,0.00667,0.00513,0.00051,0.00051,0.11544,0.03899,0.05490,0.17034,0.01488,0.01026,0.00513,0.00205,0.00051,0.00359,0.00872,0.00924,0.02309,0.00226,0.01231,0.00359,0.00410,0.00154,0.00103,0.00051,0.00257,0.00025,0.00103,0.00051,0.00000,0.00103,0.00000,0.00000,0.00718,0.00462,0.00205,0.00308,0.00205,0.00205,0.00667,0.01580,0.00462,0.06414,0.01744,0.01396,0.01385,0.02771,0.02258,0.00821,0.00103,0.00000,0.00718,0.00462,0.01283,0.01180,0.00872,0.00000,0.28784,0.00924,0.04361,0.13905,0.12519,0.02360,0.26937,0.01488,0.02565,0.02976,0.01539,0.00103,0.19138,1.16060,0.58081,0.03232,0.00872,0.00564,0.01026,0.00564,0.27347,0.20215,0.03792,0.03643,0.00051,0.00000,0.00000,0.00564,0.00513,0.00257,0.01488,0.00000,0.00000,0.00000,0.03592,0.01129,0.00564,0.03422,0.47204
Harry Kane,1.000,0.227,4.000,0.886,0.340,9.000,1.000,0.710,1.000,0.668,0.140,45.000,eg EGY,Winger,Liverpool,28.00,1992.00,34.20,0.01129,0.06157,0.02360,0.01965,0.00180,0.00069,0.00007,0.00018,0.00811,0.00051,0.00308,0.00308,0.01072,0.00841,0.00007,0.00056,-0.00021,0.54951,0.66085,0.04269,8.32170,1.98923,0.32427,0.35711,0.04659,0.17547,0.20985,0.04289,0.03232,0.05131,0.03232,0.00257,0.00323,-0.00067,0.02771,0.03130,0.03797,0.00616,0.07029,0.64597,0.01488,0.00103,0.00410,0.11288,0.00770,0.02411,0.00000,0.00000,0.00000,0.00000,0.53925,0.06208,0.05952,0.52181,0.11647,0.01026,0.00257,0.00410,0.00205,0.00308,0.01796,0.02617,0.06003,0.00175,0.04464,0.00051,0.00308,0.00616,0.00359,0.00205,0.00718,0.00021,0.00513,0.00000,0.00000,0.00103,0.00103,0.00000,0.01334,0.00667,0.00308,0.00359,0.00667,0.00308,0.00821,0.01924,0.00513,0.28374,0.07850,0.01421,0.02309,0.08466,0.17599,0.00718,0.00051,0.00000,0.00667,0.00462,0.01180,0.01796,0.00564,0.00051,0.90200,0.00667,0.03592,0.31862,0.59620,0.16060,0.88456,0.02565,0.05028,0.02617,0.02873,0.00103,0.70139,3.24885,1.77527,0.11185,0.02668,0.02771,0.05900,0.04720,1.09646,0.74089,0.03468,0.21293,0.00000,0.00000,0.00000,0.01180,0.01642,0.00667,0.02411,0.00103,0.00000,0.00000,0.09800,0.01077,0.02668,0.01478,1.57927
Diogo Jota,0.705,0.258,2.000,0.876,0.280,18.000,0.953,0.420,15.000,1.000,0.310,1.000,es ESP,FW,Wolves,24.00,1996.00,29.40,0.00103,0.02206,0.00667,0.01550,0.00075,0.00023,0.00003,0.00008,0.00990,0.00000,0.00000,0.00000,0.00113,0.00113,0.00003,-0.00010,-0.00010,0.29708,0.45049,0.03381,4.85788,1.23653,0.15290,0.19702,0.03982,0.10826,0.16008,0.03468,0.02668,0.05285,0.02591,0.00103,0.00277,-0.00174,0.02873,0.02206,0.01334,0.00821,0.03232,0.43766,0.01283,0.00051,0.00103,0.11544,0.00924,0.06106,0.00000,0.00000,0.00000,0.00000,0.25962,0.08261,0.10826,0.04720,0.33402,0.01693,0.01180,0.00410,0.00103,0.01283,0.01231,0.03386,0.05798,0.00197,0.03797,0.00000,0.01077,0.00154,0.00667,0.00103,0.00308,0.00010,0.00154,0.00000,0.00051,0.00051,0.00051,0.00000,0.01642,0.01180,0.00770,0.00616,0.00257,0.00462,0.01026,0.02309,0.00564,0.17701,0.05490,0.01591,0.04002,0.09441,0.04259,0.01437,0.00103,0.00000,0.01334,0.00564,0.02001,0.02206,0.00821,0.00051,0.67573,0.01026,0.06824,0.34479,0.34941,0.06003,0.66342,0.08209,0.10980,0.03838,0.08876,0.00257,0.58645,4.40995,2.91380,0.15700,0.04413,0.03079,0.04310,0.04413,0.73833,0.52437,0.03643,0.07696,0.00205,0.00000,0.00000,0.02719,0.05336,0.00359,0.06106,0.00051,0.00000,0.00000,0.08312,0.04002,0.03848,0.02617,1.35916
Raheem Sterling,0.729,0.125,27.000,0.829,0.340,9.000,1.000,0.610,4.000,0.646,0.160,35.000,sn SEN,Winger,Liverpool,28.00,1992.00,31.20,0.00564,0.04772,0.01796,0.01929,0.00153,0.00057,0.00006,0.00016,0.00657,0.00000,0.00000,0.00000,0.00780,0.00780,0.00008,-0.00215,-0.00215,0.41149,0.54592,0.03869,6.93792,1.47665,0.20780,0.25757,0.04141,0.14726,0.18522,0.04079,0.04515,0.06362,0.03643,0.00359,0.00292,0.00067,0.02925,0.01898,0.03438,0.00513,0.05387,0.53822,0.00770,0.00103,0.00257,0.10877,0.01334,0.03232,0.00103,0.00000,0.00000,0.00000,0.38635,0.09492,0.06465,0.14366,0.36378,0.01283,0.00564,0.01129,0.00205,0.00616,0.01847,0.03181,0.06362,0.00204,0.04515,0.00051,0.00513,0.00462,0.00718,0.00103,0.00616,0.00019,0.00359,0.00000,0.00000,0.00154,0.00051,0.00051,0.02155,0.01642,0.00410,0.00924,0.00821,0.00462,0.01334,0.01775,0.00872,0.23961,0.08107,0.01734,0.03335,0.08568,0.12057,0.02001,0.00103,0.00000,0.01898,0.00770,0.02771,0.02925,0.00359,0.00000,0.81580,0.00821,0.05541,0.31042,0.52129,0.14520,0.80862,0.04310,0.07286,0.03037,0.04618,0.00308,0.61775,3.50641,1.97435,0.11442,0.03643,0.02771,0.05028,0.04207,0.99487,0.64905,0.03345,0.20369,0.00154,0.00000,0.00000,0.02925,0.04310,0.01591,0.03232,0.00051,0.00000,0.00000,0.08209,0.01437,0.04105,0.01329,1.44177
Marcus Rashford,0.760,0.123,29.000,0.802,0.350,8.000,0.920,0.570,5.000,0.641,0.120,49.000,ng NGA,FW,Leicester City,23.00,1996.00,16.20,0.00616,0.02976,0.01283,0.02211,0.00184,0.00079,0.00011,0.00025,0.00877,0.00051,0.00000,0.00051,0.00400,0.00359,0.00006,0.00215,0.00257,0.20523,0.25705,0.04094,2.99538,0.47409,0.12724,0.14520,0.04495,0.05798,0.06978,0.04264,0.01488,0.02514,0.03037,0.00103,0.00149,-0.00046,0.01283,0.01077,0.01129,0.00257,0.01488,0.24525,0.01180,0.00000,0.00103,0.06208,0.00410,0.00616,0.00051,0.00000,0.00000,0.00000,0.20010,0.03694,0.02001,0.23345,0.01385,0.00564,0.00000,0.00103,0.00154,0.00257,0.01283,0.01026,0.02258,0.00139,0.01847,0.00000,0.00308,0.00051,0.00000,0.00051,0.00154,0.00010,0.00103,0.00000,0.00051,0.00000,0.00000,0.00000,0.00616,0.00462,0.00154,0.00308,0.00154,0.00154,0.00770,0.01026,0.00616,0.12468,0.02771,0.01139,0.00924,0.06516,0.05028,0.00975,0.00154,0.00000,0.00821,0.00205,0.01180,0.00821,0.00051,0.00000,0.37352,0.00154,0.01950,0.16573,0.21447,0.04156,0.36121,0.01488,0.02514,0.03037,0.01693,0.00103,0.27912,1.19395,0.59210,0.02925,0.01283,0.00410,0.02925,0.01796,0.49153,0.29708,0.03099,0.08209,0.00051,0.00000,0.00000,0.01488,0.00770,0.00462,0.00616,0.00000,0.00051,0.00000,0.03643,0.00462,0.02206,0.00888,0.74859
Timo Werner,0.900,0.082,42.000,0.774,0.290,15.000,0.936,0.430,14.000,0.742,0.200,24.000,uy URU,FW,Manchester Utd,33.00,1987.00,15.30,0.00513,0.01796,0.00770,0.02201,0.00117,0.00050,0.00015,0.00034,0.00570,0.00000,0.00000,0.00000,0.00380,0.00380,0.00011,0.00133,0.00133,0.13853,0.17599,0.04038,2.31760,0.32170,0.06875,0.08363,0.04218,0.04874,0.05798,0.04315,0.01539,0.01847,0.04274,0.00154,0.00139,0.00015,0.00770,0.00821,0.00667,0.00051,0.00924,0.16932,0.00667,0.00000,0.00103,0.02822,0.00359,0.00257,0.00000,0.00000,0.00000,0.00000,0.12673,0.02411,0.02514,0.02822,0.13802,0.00513,0.00154,0.00257,0.00000,0.00257,0.00770,0.00564,0.01744,0.00114,0.01231,0.00000,0.00103,0.00205,0.00103,0.00103,0.00205,0.00013,0.00154,0.00000,0.00000,0.00051,0.00000,0.00000,0.00770,0.00564,0.00051,0.00410,0.00308,0.00154,0.00616,0.01283,0.00462,0.10775,0.03027,0.01442,0.00821,0.03899,0.06054,0.00308,0.00051,0.00000,0.00257,0.00513,0.00821,0.01283,0.00564,0.00000,0.24525,0.00616,0.02309,0.10416,0.12211,0.04156,0.23858,0.00308,0.00770,0.02052,0.00359,0.00000,0.12417,0.44177,0.10621,0.00616,0.00154,0.00051,0.01437,0.00410,0.32889,0.17445,0.02719,0.05387,0.00205,0.00000,0.00000,0.01077,0.00770,0.00308,0.00257,0.00000,0.00000,0.00000,0.03746,0.00462,0.00975,0.01647,0.70549
Kelechi Iheanacho,0.688,0.251,3.000,0.762,0.330,11.000,0.659,0.440,12.000,0.652,0.170,33.000,be BEL,FW,Crystal Palace,26.00,1993.00,8.10,0.00103,0.00616,0.00308,0.02565,0.00076,0.00038,0.00009,0.00017,0.00867,0.00000,0.00000,0.00000,0.00072,0.00072,0.00006,0.00031,0.00031,0.06054,0.08620,0.03602,0.88353,0.17958,0.03232,0.04156,0.03992,0.02001,0.02822,0.03638,0.00410,0.00513,0.04105,0.00051,0.00072,-0.00021,0.00359,0.00359,0.00205,0.00051,0.00564,0.07953,0.00667,0.00051,0.00051,0.02360,0.00000,0.00359,0.00000,0.00000,0.00000,0.00000,0.05900,0.01796,0.00924,0.01385,0.06208,0.00359,0.00103,0.00103,0.00000,0.00051,0.00308,0.00616,0.01026,0.00127,0.00667,0.00051,0.00205,0.00000,0.00103,0.00000,0.00103,0.00013,0.00051,0.00000,0.00000,0.00000,0.00051,0.00000,0.00154,0.00154,0.00051,0.00103,0.00000,0.00103,0.00462,0.01139,0.00359,0.05593,0.01077,0.00990,0.00410,0.02771,0.02411,0.00513,0.00051,0.00000,0.00462,0.00103,0.00616,0.00257,0.00257,0.00051,0.13289,0.00462,0.01539,0.07081,0.05490,0.01385,0.12622,0.00616,0.00872,0.03622,0.00616,0.00051,0.08107,0.38738,0.25090,0.00975,0.00462,0.00154,0.00821,0.01488,0.17240,0.09595,0.02858,0.02976,0.00000,0.00000,0.00000,0.00667,0.00308,0.00564,0.00359,0.00051,0.00000,0.00000,0.01744,0.00564,0.01180,0.01662,0.37352
Aleksandar MitroviÄ,0.440,0.078,44.000,0.730,0.310,13.000,0.481,0.310,23.000,0.763,0.230,13.000,eng ENG,Winger,Manchester City,25.00,1994.00,28.20,0.00513,0.03438,0.01437,0.02145,0.00122,0.00051,0.00008,0.00018,0.00739,0.00154,0.00000,0.00051,0.00626,0.00585,0.00009,-0.00113,-0.00072,0.49359,0.57825,0.04382,6.60544,1.24218,0.32683,0.35865,0.04674,0.13084,0.14674,0.04577,0.01591,0.02565,0.03181,0.00359,0.00246,0.00113,0.01950,0.01950,0.01488,0.00257,0.03181,0.56747,0.01077,0.00257,0.00154,0.11442,0.00564,0.01744,0.00154,0.00051,0.00000,0.00000,0.50949,0.03540,0.03335,0.05336,0.50693,0.00975,0.00410,0.00257,0.00051,0.00462,0.01591,0.02463,0.05131,0.00182,0.03489,0.00000,0.00718,0.00410,0.00513,0.00000,0.00770,0.00027,0.00462,0.00000,0.00154,0.00103,0.00051,0.00000,0.01026,0.00924,0.00205,0.00667,0.00154,0.00308,0.00975,0.01621,0.00667,0.14777,0.04259,0.01478,0.01898,0.06978,0.05900,0.00872,0.00051,0.00000,0.00821,0.00718,0.01591,0.01744,0.00103,0.00000,0.75782,0.00205,0.04053,0.31093,0.45613,0.12263,0.74602,0.03540,0.06414,0.02832,0.03643,0.00103,0.65110,3.11083,1.89123,0.12006,0.02719,0.03181,0.03079,0.04207,0.86147,0.64495,0.03843,0.13802,0.00205,0.00000,0.00000,0.02001,0.02771,0.00462,0.01744,0.00103,0.00000,0.00000,0.06311,0.00257,0.01334,0.00826,1.30118
Gabriel Jesus,0.657,0.130,23.000,0.723,0.290,15.000,0.553,0.350,20.000,0.790,0.230,13.000,rs SRB,FW,Fulham,25.00,1994.00,15.60,0.00154,0.02873,0.00872,0.01560,0.00184,0.00056,0.00002,0.00006,0.00764,0.00051,0.00051,0.00103,0.00334,0.00257,0.00005,-0.00180,-0.00154,0.14982,0.19702,0.03899,2.04053,0.31555,0.09287,0.11442,0.04166,0.03899,0.05490,0.03643,0.00821,0.01231,0.03422,0.00154,0.00133,0.00021,0.01129,0.00616,0.00667,0.00051,0.01026,0.18420,0.01283,0.00051,0.00051,0.06414,0.00154,0.00410,0.00051,0.00000,0.00000,0.00000,0.11339,0.04618,0.03746,0.02463,0.12519,0.01385,0.00154,0.01231,0.00103,0.00103,0.00462,0.00462,0.02411,0.00155,0.01847,0.00051,0.00257,0.00051,0.00103,0.00103,0.00257,0.00016,0.00154,0.00000,0.00051,0.00051,0.00000,0.00000,0.00564,0.00462,0.00051,0.00205,0.00308,0.00103,0.00359,0.01467,0.00257,0.10005,0.03643,0.01868,0.00616,0.03386,0.06003,0.00924,0.00205,0.00000,0.00718,0.00154,0.01077,0.00718,0.00359,0.00000,0.30888,0.00564,0.01898,0.13545,0.16316,0.06003,0.29451,0.00718,0.01129,0.03263,0.00770,0.00051,0.16265,0.55054,0.23858,0.01334,0.00257,0.00154,0.02822,0.01488,0.42175,0.23499,0.02858,0.06311,0.00154,0.00000,0.00000,0.01180,0.01437,0.00154,0.00410,0.00000,0.00051,0.00000,0.02822,0.03489,0.03899,0.02422,0.71934
Che Adams,0.431,0.111,32.000,0.718,0.250,22.000,0.312,0.100,42.000,0.768,0.230,13.000,eng ENG,FW,Leicester City,33.00,1987.00,31.60,0.00770,0.03746,0.01385,0.01898,0.00119,0.00044,0.00005,0.00013,0.00723,0.00000,0.00410,0.00462,0.01011,0.00657,0.00009,-0.00241,-0.00298,0.15393,0.23191,0.03407,2.29759,0.36788,0.09338,0.13084,0.03663,0.04515,0.06619,0.03499,0.01026,0.01693,0.03109,0.00462,0.00251,0.00210,0.01385,0.00667,0.00564,0.00000,0.01283,0.21447,0.01744,0.00000,0.00257,0.05747,0.00154,0.01231,0.00000,0.00000,0.00000,0.00000,0.14931,0.04926,0.03335,0.05387,0.13802,0.01744,0.00000,0.00308,0.00205,0.00564,0.01180,0.01077,0.03284,0.00104,0.01898,0.00000,0.00616,0.00410,0.00308,0.00051,0.01077,0.00034,0.00462,0.00000,0.00154,0.00205,0.00257,0.00000,0.00770,0.00410,0.00154,0.00257,0.00359,0.00154,0.00770,0.01026,0.00616,0.15136,0.04053,0.01375,0.00718,0.05233,0.09184,0.00821,0.00257,0.00000,0.00564,0.00410,0.01231,0.01180,0.01488,0.00000,0.36737,0.01642,0.03079,0.13699,0.21960,0.09338,0.34582,0.01591,0.02668,0.03058,0.01950,0.00257,0.20780,1.21088,0.61519,0.03643,0.00770,0.01744,0.03079,0.00924,0.64700,0.26219,0.02078,0.11852,0.00051,0.00000,0.00000,0.01385,0.01385,0.01847,0.01231,0.00257,0.00000,0.00000,0.04259,0.02873,0.03489,0.02319,1.45716
Bertrand TraorÃ©,0.479,0.098,36.000,0.711,0.310,13.000,0.794,0.420,15.000,0.862,0.140,45.000,eg EGY,FW,Aston Villa,25.00,1994.00,13.00,0.00103,0.01796,0.00616,0.01760,0.00139,0.00048,0.00003,0.00009,0.00713,0.00000,0.00000,0.00000,0.00195,0.00195,0.00006,-0.00092,-0.00092,0.11698,0.16829,0.03566,1.94048,0.56542,0.05490,0.07183,0.03920,0.04464,0.06157,0.03720,0.01180,0.02155,0.02812,0.00051,0.00103,-0.00051,0.00616,0.01129,0.00308,0.00154,0.01437,0.16727,0.00103,0.00000,0.00103,0.03643,0.00359,0.01231,0.00051,0.00051,0.00000,0.00000,0.10570,0.02565,0.03694,0.01385,0.12981,0.01180,0.00051,0.00103,0.00103,0.00462,0.00564,0.00667,0.01642,0.00127,0.01077,0.00000,0.00154,0.00205,0.00205,0.00000,0.00103,0.00008,0.00103,0.00000,0.00000,0.00000,0.00000,0.00000,0.01642,0.00924,0.00667,0.00616,0.00359,0.00564,0.01950,0.01483,0.01385,0.15598,0.03438,0.01129,0.04669,0.06106,0.04823,0.01385,0.00051,0.00000,0.01334,0.00564,0.01950,0.02206,0.00821,0.00000,0.26629,0.00975,0.05285,0.10416,0.13340,0.03797,0.26526,0.01334,0.01950,0.03509,0.01437,0.00154,0.17547,0.99179,0.60185,0.03232,0.01026,0.00718,0.01385,0.00667,0.26886,0.16778,0.03202,0.03335,0.00000,0.00000,0.00000,0.02155,0.01077,0.00205,0.01231,0.00051,0.00000,0.00000,0.04464,0.01488,0.02309,0.02011,0.59826
Wilfried Zaha,0.618,0.126,25.000,0.702,0.290,15.000,0.883,0.570,5.000,0.829,0.250,7.000,br BRA,FW,Manchester City,23.00,1997.00,22.90,0.00462,0.02771,0.00821,0.01519,0.00121,0.00036,0.00009,0.00029,0.00662,0.00000,0.00000,0.00000,0.00452,0.00452,0.00008,0.00010,0.00010,0.32735,0.38687,0.04341,4.48486,0.54130,0.20215,0.22781,0.04551,0.08620,0.10056,0.04397,0.01642,0.02258,0.03730,0.00205,0.00174,0.00031,0.01437,0.01180,0.00718,0.00051,0.01591,0.36429,0.02258,0.00308,0.00051,0.07748,0.00462,0.00513,0.00257,0.00000,0.00000,0.00000,0.31657,0.04361,0.02668,0.05798,0.30580,0.00718,0.00257,0.00924,0.00051,0.00410,0.01129,0.01129,0.03643,0.00159,0.02463,0.00000,0.00359,0.00359,0.00410,0.00051,0.00564,0.00025,0.00462,0.00000,0.00051,0.00051,0.00000,0.00000,0.01180,0.00667,0.00308,0.00410,0.00462,0.00359,0.01334,0.01380,0.00975,0.16983,0.05336,0.01611,0.02001,0.06106,0.08876,0.00975,0.00103,0.00000,0.00872,0.00975,0.01950,0.02155,0.00205,0.00000,0.52899,0.00462,0.03027,0.22370,0.30836,0.07748,0.50949,0.02309,0.03899,0.03037,0.02360,0.00205,0.40431,2.05900,1.00564,0.06054,0.01437,0.01283,0.02309,0.02565,0.62494,0.41303,0.03391,0.12827,0.00103,0.00000,0.00000,0.01693,0.02617,0.00872,0.00513,0.00051,0.00051,0.00000,0.05285,0.00718,0.03181,0.00944,1.05849
Anwar El Ghazi,0.518,0.194,8.000,0.697,0.320,12.000,0.611,0.270,25.000,0.667,0.160,35.000,eng ENG,FW,Sheffield Utd,20.00,2000.00,12.50,0.00000,0.01283,0.00359,0.01437,0.00102,0.00029,0.00000,0.00000,0.01006,0.00051,0.00000,0.00000,0.00087,0.00087,0.00004,-0.00087,-0.00087,0.08004,0.11544,0.03556,1.34890,0.33299,0.04413,0.05695,0.03976,0.02411,0.03489,0.03545,0.01026,0.01693,0.03109,0.00000,0.00087,-0.00087,0.00410,0.00667,0.00205,0.00103,0.00718,0.11185,0.00359,0.00051,0.00154,0.02873,0.00308,0.00667,0.00000,0.00000,0.00000,0.00000,0.07234,0.02411,0.01898,0.01231,0.08825,0.00975,0.00000,0.00000,0.00051,0.00257,0.00513,0.00616,0.01129,0.00090,0.00821,0.00000,0.00000,0.00205,0.00103,0.00000,0.00000,0.00000,0.00000,0.00000,0.00000,0.00000,0.00000,0.00000,0.00718,0.00410,0.00051,0.00359,0.00308,0.00000,0.00616,0.00000,0.00616,0.12211,0.03130,0.01313,0.00667,0.06003,0.05541,0.00821,0.00154,0.00000,0.00667,0.00308,0.01129,0.01026,0.00154,0.00000,0.18061,0.00308,0.01591,0.06927,0.10467,0.01693,0.17650,0.00462,0.00872,0.02714,0.00462,0.00000,0.10980,0.39559,0.20010,0.01077,0.00410,0.00154,0.01129,0.00821,0.24423,0.11852,0.02488,0.03592,0.00051,0.00000,0.00000,0.01180,0.01077,0.00205,0.00667,0.00000,0.00000,0.00000,0.03130,0.00616,0.02309,0.01083,0.57876
Oliver McBurnie,0.279,0.036,48.000,0.694,0.230,26.000,0.186,0.050,49.000,0.749,0.210,20.000,pt POR,FW,Liverpool,23.00,1996.00,12.40,0.00462,0.02360,0.01334,0.02899,0.00191,0.00108,0.00010,0.00018,0.00703,0.00000,0.00000,0.00000,0.00339,0.00339,0.00007,0.00123,0.00123,0.16778,0.23140,0.03720,2.75885,0.63007,0.09236,0.11288,0.04197,0.05747,0.07748,0.03807,0.01539,0.02514,0.03140,0.00000,0.00082,-0.00082,0.00616,0.01693,0.00718,0.00000,0.02360,0.22986,0.00154,0.00000,0.00051,0.05080,0.00308,0.00821,0.00000,0.00000,0.00000,0.00000,0.16521,0.03489,0.03130,0.07029,0.14982,0.00564,0.00000,0.00205,0.00154,0.00410,0.01129,0.01283,0.01744,0.00141,0.01026,0.00000,0.00103,0.00257,0.00257,0.00103,0.00154,0.00012,0.00051,0.00000,0.00051,0.00000,0.00051,0.00000,0.00718,0.00513,0.00205,0.00359,0.00154,0.00257,0.01796,0.00734,0.01539,0.15187,0.03848,0.01298,0.03027,0.05387,0.06773,0.00616,0.00051,0.00000,0.00564,0.00410,0.01026,0.01129,0.00205,0.00000,0.32735,0.00359,0.02976,0.14469,0.18061,0.04926,0.32581,0.01334,0.02360,0.02899,0.01488,0.00154,0.23961,1.40174,0.88969,0.04464,0.01437,0.01026,0.01539,0.01385,0.34582,0.25757,0.03822,0.06824,0.00103,0.00000,0.00000,0.01488,0.01129,0.00051,0.00821,0.00000,0.00000,0.00000,0.03899,0.00718,0.01950,0.01380,0.57055
Michail Antonio,0.692,0.156,18.000,0.673,0.270,19.000,0.587,0.330,22.000,0.561,0.150,38.000,sn SEN,FW,West Brom,28.00,1991.00,13.20,0.00154,0.01283,0.00462,0.01847,0.00097,0.00035,0.00006,0.00017,0.00513,0.00000,0.00000,0.00000,0.00257,0.00257,0.00010,-0.00103,-0.00103,0.08312,0.11801,0.03612,1.23037,0.23397,0.05387,0.06516,0.04243,0.02155,0.03592,0.03079,0.00616,0.01077,0.02930,0.00103,0.00087,0.00015,0.00616,0.00667,0.00257,0.00103,0.00821,0.11339,0.00462,0.00000,0.00051,0.04515,0.00308,0.00257,0.00000,0.00000,0.00000,0.00000,0.05798,0.03079,0.02925,0.01180,0.06927,0.01129,0.00051,0.00462,0.00051,0.00410,0.00257,0.00257,0.01437,0.00109,0.01026,0.00051,0.00051,0.00051,0.00103,0.00154,0.00359,0.00027,0.00205,0.00000,0.00000,0.00051,0.00000,0.00103,0.00410,0.00205,0.00154,0.00103,0.00154,0.00051,0.00205,0.01283,0.00154,0.07029,0.02104,0.01534,0.00667,0.02258,0.04105,0.00359,0.00051,0.00000,0.00308,0.00103,0.00462,0.00513,0.00872,0.00000,0.18779,0.01026,0.02514,0.08979,0.07901,0.02463,0.18317,0.00667,0.00821,0.04171,0.00667,0.00000,0.09851,0.29143,0.11647,0.00513,0.00154,0.00154,0.01231,0.01334,0.34120,0.13648,0.02052,0.03335,0.00103,0.00000,0.00000,0.00924,0.01334,0.00872,0.00257,0.00000,0.00000,0.00000,0.02463,0.02463,0.05131,0.01662,0.61006
Danny Welbeck,0.452,0.120,30.000,0.667,0.270,19.000,0.248,0.150,38.000,0.650,0.180,32.000,nl NED,FW,Aston Villa,25.00,1995.00,17.90,0.00513,0.03079,0.01334,0.02222,0.00172,0.00074,0.00005,0.00012,0.01052,0.00308,0.00205,0.00205,0.00416,0.00262,0.00004,0.00097,0.00046,0.22165,0.31452,0.03617,3.58953,0.99487,0.12365,0.15033,0.04223,0.06927,0.09441,0.03766,0.02001,0.04156,0.02468,0.00000,0.00118,-0.00118,0.01231,0.01385,0.00924,0.00513,0.02001,0.29246,0.02206,0.00410,0.00103,0.07440,0.01129,0.03130,0.01077,0.00513,0.00359,0.00205,0.19446,0.05593,0.06414,0.05747,0.21703,0.01539,0.00718,0.00308,0.00103,0.00410,0.01180,0.01847,0.02822,0.00158,0.01539,0.00462,0.00205,0.00308,0.00308,0.00000,0.00051,0.00003,0.00000,0.00000,0.00000,0.00051,0.00000,0.00000,0.00821,0.00513,0.00410,0.00257,0.00154,0.00205,0.00924,0.01139,0.00718,0.11185,0.02668,0.01226,0.03079,0.04207,0.03899,0.00564,0.00000,0.00000,0.00564,0.00513,0.01077,0.01334,0.00616,0.00000,0.44023,0.01180,0.03951,0.16111,0.26732,0.04310,0.41508,0.01437,0.02514,0.02930,0.01437,0.00103,0.28887,1.50077,0.93022,0.05490,0.01642,0.00821,0.02001,0.02104,0.46998,0.33812,0.03689,0.06721,0.00103,0.00000,0.00000,0.01180,0.01642,0.00257,0.03130,0.00000,0.00000,0.00000,0.04156,0.01539,0.02565,0.01924,0.82760
Anthony Martial,0.666,0.097,38.000,0.663,0.250,22.000,0.583,0.250,30.000,0.559,0.120,49.000,eng ENG,FW,Brighton,29.00,1990.00,17.20,0.00308,0.01693,0.00718,0.02175,0.00099,0.00042,0.00009,0.00022,0.00636,0.00000,0.00000,0.00051,0.00349,0.00308,0.00010,-0.00041,0.00000,0.11237,0.13751,0.04192,1.51975,0.30939,0.07234,0.08517,0.04356,0.02873,0.03232,0.04561,0.00616,0.00821,0.03848,0.00051,0.00113,-0.00062,0.01129,0.00667,0.00308,0.00051,0.01077,0.13545,0.00205,0.00000,0.00154,0.03643,0.00103,0.00257,0.00000,0.00000,0.00000,0.00000,0.10005,0.02719,0.01026,0.01026,0.10929,0.00616,0.00000,0.00462,0.00051,0.00257,0.00513,0.00513,0.02565,0.00149,0.01744,0.00000,0.00154,0.00359,0.00308,0.00000,0.00257,0.00015,0.00103,0.00000,0.00000,0.00051,0.00103,0.00000,0.00616,0.00410,0.00154,0.00308,0.00154,0.00205,0.00770,0.01370,0.00564,0.13084,0.03130,0.01226,0.02206,0.05080,0.05798,0.01180,0.00154,0.00000,0.01026,0.00257,0.01437,0.00872,0.00564,0.00000,0.23037,0.00872,0.02258,0.08004,0.14110,0.04823,0.22781,0.00872,0.01437,0.03114,0.00924,0.00000,0.16008,0.78399,0.42073,0.02258,0.00564,0.00205,0.02052,0.01231,0.37609,0.16060,0.02191,0.05387,0.00000,0.00000,0.00000,0.01077,0.01026,0.00257,0.00257,0.00103,0.00000,0.00000,0.03130,0.01026,0.02411,0.01534,0.79271
Edinson Cavani,0.608,0.214,6.000,0.649,0.240,24.000,0.167,0.090,43.000,0.723,0.210,20.000,sct SCO,FW,Sheffield Utd,23.00,1997.00,14.10,0.00051,0.01283,0.00308,0.01231,0.00091,0.00022,0.00002,0.00009,0.00749,0.00000,0.00000,0.00000,0.00123,0.00123,0.00005,-0.00072,-0.00072,0.09492,0.13443,0.03622,1.24885,0.16727,0.05849,0.07542,0.03982,0.02668,0.03438,0.03982,0.00257,0.00616,0.02140,0.00051,0.00092,-0.00041,0.00667,0.00257,0.00410,0.00051,0.00564,0.12776,0.00667,0.00000,0.00051,0.04413,0.00103,0.01026,0.00000,0.00000,0.00000,0.00000,0.09492,0.02104,0.01847,0.00564,0.10570,0.00975,0.00000,0.00103,0.00000,0.00513,0.00513,0.00821,0.01437,0.00102,0.00924,0.00000,0.00308,0.00103,0.00000,0.00103,0.00051,0.00004,0.00051,0.00000,0.00000,0.00000,0.00000,0.00000,0.00924,0.00513,0.00308,0.00462,0.00154,0.00257,0.01437,0.00918,0.01180,0.21293,0.03899,0.00939,0.01796,0.09646,0.09851,0.01077,0.00000,0.00000,0.01077,0.00103,0.01180,0.01026,0.00205,0.00000,0.22165,0.00257,0.01744,0.09543,0.12314,0.03438,0.21498,0.00924,0.01334,0.03551,0.00924,0.00154,0.13391,0.68189,0.35300,0.02155,0.00308,0.01026,0.02258,0.01591,0.33197,0.15393,0.02381,0.05490,0.00103,0.00000,0.00000,0.01385,0.00359,0.00154,0.01026,0.00000,0.00000,0.00000,0.02771,0.01385,0.02514,0.01821,0.65110
Michy Batshuayi,0.371,0.088,39.000,0.637,0.220,32.000,0.636,0.360,19.000,0.619,0.130,47.000,fr FRA,FW,Arsenal,29.00,1991.00,21.40,0.00667,0.02206,0.01283,0.02981,0.00103,0.00060,0.00012,0.00021,0.00729,0.00154,0.00154,0.00154,0.00498,0.00380,0.00009,0.00169,0.00133,0.21036,0.26886,0.04012,3.11237,0.63982,0.11544,0.14520,0.04079,0.06927,0.08107,0.04382,0.01385,0.02258,0.03150,0.00103,0.00139,-0.00036,0.00924,0.01231,0.01077,0.00000,0.02360,0.24936,0.01950,0.00103,0.00205,0.06106,0.00308,0.00205,0.00000,0.00000,0.00000,0.00000,0.19600,0.04259,0.03027,0.02771,0.21601,0.01180,0.00000,0.00154,0.00257,0.00564,0.00462,0.00975,0.02360,0.00110,0.01437,0.00000,0.00154,0.00103,0.00462,0.00205,0.00257,0.00012,0.00154,0.00000,0.00000,0.00051,0.00051,0.00000,0.01283,0.00975,0.00308,0.00616,0.00359,0.00205,0.00821,0.01283,0.00616,0.16880,0.05490,0.01668,0.02052,0.06927,0.07901,0.00872,0.00103,0.00000,0.00770,0.00718,0.01591,0.02001,0.00667,0.00000,0.39046,0.00667,0.04669,0.18061,0.17958,0.05233,0.37045,0.01026,0.01693,0.03109,0.01129,0.00051,0.25398,0.84864,0.34120,0.01898,0.00513,0.00308,0.01693,0.01642,0.46896,0.27501,0.03007,0.07953,0.00154,0.00000,0.00000,0.02104,0.03489,0.00513,0.00205,0.00051,0.00000,0.00000,0.05080,0.01539,0.03130,0.01693,0.98666
TrÃ©zÃ©guet,0.261,0.064,47.000,0.616,0.230,26.000,0.530,0.260,27.000,1.000,0.300,2.000,bf BFA,FW,Aston Villa,24.00,1995.00,25.70,0.00359,0.03335,0.01180,0.01816,0.00129,0.00046,0.00006,0.00015,0.00831,0.00103,0.00000,0.00000,0.00328,0.00328,0.00005,0.00031,0.00031,0.29041,0.40841,0.03648,5.56798,1.35249,0.12673,0.15598,0.04171,0.10980,0.14058,0.04007,0.04772,0.09184,0.02668,0.00308,0.00164,0.00144,0.01693,0.01437,0.01334,0.00359,0.03181,0.36429,0.04413,0.02052,0.00000,0.09030,0.02514,0.02771,0.02155,0.00975,0.00718,0.00051,0.25295,0.05952,0.09595,0.34274,0.03386,0.01539,0.00205,0.00103,0.00103,0.00975,0.01437,0.01488,0.04002,0.00155,0.01847,0.00513,0.00821,0.00308,0.00462,0.00051,0.00462,0.00018,0.00308,0.00051,0.00000,0.00000,0.00051,0.00051,0.01334,0.00462,0.00462,0.00410,0.00462,0.00462,0.02001,0.01185,0.01539,0.19959,0.03797,0.00975,0.05439,0.08055,0.06465,0.01334,0.00051,0.00000,0.01283,0.01180,0.02514,0.02514,0.00821,0.00000,0.57671,0.01334,0.07542,0.23756,0.29964,0.05439,0.53669,0.02617,0.04977,0.02699,0.02925,0.00410,0.39097,1.98615,0.94048,0.04977,0.01283,0.00718,0.02617,0.01796,0.53720,0.39610,0.03781,0.05131,0.00051,0.00000,0.00000,0.01796,0.02360,0.00359,0.02771,0.00051,0.00000,0.00000,0.07799,0.01591,0.01898,0.02340,1.18881
Ollie Watkins,0.567,0.136,22.000,0.604,0.260,21.000,0.577,0.200,36.000,0.740,0.230,13.000,fr FRA,FW,Manchester Utd,24.00,1995.00,16.40,0.00205,0.02206,0.01077,0.02504,0.00134,0.00066,0.00005,0.00010,0.00723,0.00000,0.00000,0.00000,0.00334,0.00334,0.00008,-0.00128,-0.00128,0.20729,0.25038,0.04248,2.90046,0.58543,0.12724,0.14366,0.04546,0.06157,0.07388,0.04274,0.00821,0.01026,0.04105,0.00154,0.00103,0.00051,0.00770,0.01334,0.00770,0.00000,0.02206,0.24474,0.00564,0.00103,0.00154,0.05336,0.00154,0.00616,0.00000,0.00000,0.00000,0.00000,0.21498,0.02206,0.01334,0.03284,0.20523,0.00564,0.00051,0.00154,0.00103,0.00410,0.00975,0.01077,0.02206,0.00134,0.01437,0.00000,0.00154,0.00205,0.00359,0.00051,0.00410,0.00025,0.00103,0.00000,0.00000,0.00103,0.00205,0.00000,0.00051,0.00051,0.00000,0.00000,0.00051,0.00000,0.00359,0.00000,0.00359,0.07594,0.02155,0.01457,0.00667,0.02001,0.04926,0.01129,0.00257,0.00000,0.00872,0.00205,0.01334,0.00257,0.00462,0.00000,0.36018,0.00616,0.02976,0.14520,0.21344,0.06208,0.35557,0.01744,0.02668,0.03356,0.01796,0.00051,0.29041,1.53515,0.80041,0.04926,0.01437,0.00872,0.01898,0.02411,0.45203,0.29708,0.03371,0.08107,0.00000,0.00051,0.00000,0.00975,0.01796,0.00770,0.00616,0.00205,0.00000,0.00000,0.03181,0.00770,0.01180,0.02027,0.75936
Daniel James,0.432,0.100,35.000,0.598,0.220,32.000,0.603,0.140,39.000,0.872,0.240,11.000,eng ENG,FW,Leeds United,26.00,1993.00,33.90,0.00872,0.05387,0.02309,0.02201,0.00159,0.00068,0.00007,0.00017,0.00652,0.00000,0.00103,0.00103,0.00888,0.00806,0.00008,-0.00015,-0.00036,0.19805,0.25962,0.03915,2.68394,0.44741,0.11493,0.14726,0.04002,0.05644,0.06927,0.04182,0.01129,0.01385,0.04182,0.00359,0.00210,0.00149,0.01488,0.01077,0.00667,0.00103,0.01591,0.21447,0.04515,0.00051,0.00205,0.05182,0.00000,0.00257,0.00103,0.00000,0.00000,0.00000,0.19138,0.05028,0.01796,0.16932,0.05644,0.01129,0.00051,0.01026,0.00154,0.00513,0.01180,0.01129,0.03079,0.00091,0.02104,0.00000,0.00257,0.00308,0.00308,0.00103,0.00872,0.00026,0.00462,0.00000,0.00103,0.00103,0.00205,0.00000,0.01334,0.00924,0.00308,0.00616,0.00410,0.00308,0.01539,0.01026,0.01231,0.31093,0.08825,0.01457,0.01693,0.13391,0.16008,0.00821,0.00462,0.00051,0.00359,0.00667,0.01488,0.02001,0.01796,0.00000,0.44536,0.02360,0.04515,0.20677,0.20934,0.09389,0.39969,0.00872,0.02001,0.02237,0.01129,0.00205,0.22832,0.97896,0.46280,0.02873,0.00872,0.00975,0.04207,0.01950,0.70600,0.29348,0.02134,0.10723,0.00154,0.00000,0.00000,0.02411,0.01539,0.00924,0.00257,0.00154,0.00000,0.00000,0.04772,0.02771,0.04156,0.02052,1.56491
Mason Greenwood,0.436,0.125,27.000,0.590,0.230,26.000,0.888,0.490,9.000,0.691,0.190,29.000,wls WAL,FW,Manchester Utd,22.00,1997.00,10.10,0.00154,0.00872,0.00308,0.01811,0.00086,0.00030,0.00009,0.00026,0.00857,0.00000,0.00000,0.00000,0.00118,0.00118,0.00007,0.00036,0.00036,0.12160,0.15598,0.04002,1.67111,0.38687,0.07748,0.09030,0.04402,0.03489,0.04515,0.03966,0.00359,0.00564,0.03263,0.00051,0.00062,-0.00010,0.00513,0.00308,0.00616,0.00154,0.01283,0.15444,0.00154,0.00051,0.00051,0.03027,0.00154,0.00924,0.00000,0.00000,0.00000,0.00000,0.12776,0.01642,0.01180,0.01744,0.13186,0.00308,0.00103,0.00000,0.00051,0.00308,0.00205,0.00924,0.00821,0.00081,0.00718,0.00000,0.00000,0.00000,0.00103,0.00000,0.00154,0.00015,0.00154,0.00000,0.00000,0.00000,0.00000,0.00000,0.00616,0.00462,0.00205,0.00257,0.00154,0.00103,0.01180,0.00446,0.01077,0.11339,0.02360,0.01067,0.02360,0.04515,0.04464,0.00718,0.00051,0.00000,0.00667,0.00513,0.01231,0.01129,0.00205,0.00000,0.21601,0.00410,0.02925,0.08517,0.11955,0.02206,0.21498,0.00462,0.00924,0.02565,0.00564,0.00000,0.16111,0.97537,0.60339,0.03130,0.00872,0.00564,0.00924,0.01077,0.21652,0.15752,0.03730,0.02668,0.00154,0.00000,0.00000,0.00770,0.01129,0.00205,0.00924,0.00000,0.00000,0.00000,0.03027,0.00308,0.00667,0.01621,0.46691
RaÃºl JimÃ©nez,0.684,0.152,19.000,0.580,0.240,24.000,0.773,0.480,10.000,0.719,0.130,47.000,cz CZE,FW,Burnley,28.00,1992.00,15.20,0.00154,0.01796,0.00462,0.01319,0.00118,0.00030,0.00005,0.00017,0.00682,0.00000,0.00000,0.00000,0.00313,0.00313,0.00009,-0.00159,-0.00159,0.09903,0.13648,0.03725,1.24885,0.19241,0.06721,0.08825,0.03910,0.02155,0.02771,0.03992,0.00462,0.00718,0.03299,0.00103,0.00092,0.00010,0.00718,0.00359,0.00462,0.00103,0.00667,0.13084,0.00564,0.00000,0.00051,0.04669,0.00103,0.00308,0.00000,0.00000,0.00000,0.00000,0.08620,0.03079,0.01950,0.02411,0.07799,0.01385,0.00051,0.00616,0.00000,0.00257,0.00513,0.00513,0.01898,0.00125,0.01026,0.00000,0.00564,0.00154,0.00103,0.00051,0.00308,0.00020,0.00154,0.00000,0.00103,0.00000,0.00000,0.00051,0.00462,0.00308,0.00154,0.00154,0.00154,0.00051,0.00462,0.00570,0.00410,0.14418,0.04053,0.01442,0.00564,0.05285,0.08568,0.00770,0.00051,0.00000,0.00718,0.00257,0.01026,0.00718,0.00359,0.00000,0.22370,0.00513,0.00872,0.08517,0.13751,0.04413,0.21806,0.01180,0.01847,0.03279,0.01334,0.00051,0.13391,0.54643,0.27912,0.01796,0.00359,0.00513,0.02258,0.01129,0.42740,0.16624,0.01996,0.06978,0.00000,0.00000,0.00000,0.00359,0.00770,0.00616,0.00308,0.00000,0.00000,0.00000,0.02514,0.01591,0.04977,0.01242,0.70344
Richarlison,0.404,0.085,40.000,0.572,0.220,32.000,0.846,0.440,12.000,0.871,0.240,11.000,ci CIV,FW,West Ham,26.00,1994.00,10.40,0.00154,0.01283,0.00564,0.02258,0.00123,0.00054,0.00006,0.00014,0.00487,0.00000,0.00000,0.00000,0.00149,0.00149,0.00006,0.00005,0.00005,0.08774,0.12930,0.03484,1.41047,0.26937,0.05080,0.07029,0.03710,0.02411,0.03335,0.03710,0.00872,0.01437,0.03114,0.00000,0.00062,-0.00062,0.00462,0.00667,0.00257,0.00051,0.00975,0.12417,0.00513,0.00000,0.00051,0.04823,0.00462,0.00205,0.00000,0.00000,0.00000,0.00000,0.07081,0.02976,0.02873,0.01744,0.08107,0.00718,0.00000,0.00154,0.00051,0.00257,0.00308,0.00462,0.00872,0.00084,0.00667,0.00000,0.00051,0.00000,0.00154,0.00000,0.00000,0.00000,0.00000,0.00000,0.00000,0.00000,0.00000,0.00000,0.00564,0.00205,0.00051,0.00257,0.00257,0.00205,0.00924,0.01139,0.00718,0.10210,0.02155,0.01083,0.00616,0.05900,0.03694,0.00205,0.00051,0.00000,0.00154,0.00257,0.00462,0.00821,0.00359,0.00000,0.19702,0.00616,0.01488,0.09851,0.09082,0.02771,0.19189,0.00410,0.00718,0.02930,0.00462,0.00051,0.10262,0.31452,0.09595,0.00410,0.00205,0.00000,0.01744,0.00975,0.28835,0.15187,0.02704,0.03540,0.00000,0.00000,0.00000,0.01591,0.01077,0.00564,0.00205,0.00000,0.00000,0.00000,0.01847,0.03130,0.04002,0.02252,0.48076
Jamie Vardy,0.912,0.158,17.000,0.570,0.190,39.000,0.712,0.410,17.000,0.422,0.120,49.000,ci CIV,FW,Crystal Palace,27.00,1992.00,29.00,0.00564,0.03027,0.00975,0.01652,0.00104,0.00033,0.00008,0.00024,0.00836,0.00000,0.00103,0.00103,0.00385,0.00303,0.00005,0.00180,0.00159,0.30272,0.39918,0.03889,4.58081,1.13956,0.17804,0.21857,0.04182,0.09133,0.11185,0.04192,0.02155,0.03540,0.03125,0.00103,0.00169,-0.00067,0.01385,0.01488,0.01847,0.00257,0.03694,0.38789,0.01129,0.00103,0.00205,0.08825,0.00410,0.02617,0.00051,0.00000,0.00000,0.00000,0.31657,0.05387,0.02873,0.05336,0.33248,0.00616,0.00257,0.00103,0.00205,0.00616,0.01437,0.02309,0.04361,0.00150,0.02463,0.00000,0.00821,0.00257,0.00718,0.00103,0.00616,0.00021,0.00410,0.00000,0.00103,0.00051,0.00051,0.00000,0.01744,0.01231,0.00770,0.00718,0.00257,0.00462,0.01539,0.01539,0.01077,0.29143,0.07132,0.01257,0.05541,0.14058,0.09543,0.01077,0.00000,0.00000,0.01077,0.01385,0.02463,0.03130,0.00103,0.00000,0.64135,0.00103,0.05131,0.28681,0.36532,0.08055,0.63007,0.03027,0.06362,0.02442,0.03284,0.00359,0.53104,2.76449,1.66752,0.09338,0.02719,0.02514,0.04464,0.05285,0.78297,0.49974,0.03273,0.11852,0.00308,0.00000,0.00000,0.02155,0.05028,0.01129,0.02617,0.00051,0.00000,0.00000,0.07183,0.00513,0.02001,0.01047,1.34017
MatÄj Vydra,0.539,0.070,46.000,0.569,0.230,26.000,1.000,0.650,3.000,0.854,0.250,7.000,eng ENG,FW,Aston Villa,24.00,1995.00,37.00,0.00718,0.05028,0.02309,0.02355,0.00136,0.00063,0.00007,0.00015,0.00667,0.00000,0.00051,0.00103,0.00821,0.00744,0.00008,-0.00103,-0.00077,0.31093,0.42689,0.03735,4.20215,0.74346,0.20267,0.25962,0.04007,0.08568,0.11390,0.03858,0.00975,0.01898,0.02637,0.00257,0.00215,0.00041,0.02155,0.02052,0.01283,0.00154,0.02309,0.40482,0.02206,0.00000,0.00000,0.16213,0.00564,0.01847,0.00051,0.00051,0.00000,0.00000,0.27091,0.08928,0.06670,0.05541,0.27655,0.02514,0.00718,0.00718,0.00103,0.00616,0.01231,0.02001,0.05028,0.00136,0.03797,0.00000,0.00205,0.00564,0.00257,0.00205,0.00718,0.00019,0.00462,0.00000,0.00051,0.00205,0.00000,0.00000,0.01796,0.01129,0.00257,0.00924,0.00616,0.00513,0.01539,0.01709,0.01026,0.32119,0.08517,0.01360,0.01847,0.12622,0.17650,0.00975,0.00154,0.00000,0.00821,0.00616,0.01591,0.02411,0.01283,0.00000,0.66701,0.01488,0.03643,0.26116,0.40893,0.12468,0.64392,0.02463,0.03951,0.03197,0.02668,0.00154,0.42483,1.99692,1.12417,0.06824,0.01950,0.02411,0.05695,0.04310,0.99949,0.51821,0.02658,0.17547,0.00205,0.00051,0.00051,0.02514,0.03540,0.01539,0.01847,0.00000,0.00000,0.00000,0.06208,0.07132,0.09133,0.02247,1.70754
Danny Ings,0.640,0.168,13.000,0.568,0.230,26.000,0.799,0.500,8.000,0.763,0.200,24.000,eng ENG,FW,Manchester Utd,22.00,1997.00,32.40,0.00564,0.04053,0.01847,0.02340,0.00125,0.00057,0.00007,0.00016,0.00944,0.00257,0.00000,0.00000,0.00477,0.00477,0.00006,0.00087,0.00087,0.51052,0.63315,0.04135,8.12776,1.62904,0.27707,0.31657,0.04489,0.17547,0.20934,0.04300,0.04259,0.06619,0.03299,0.00462,0.00185,0.00277,0.02104,0.01744,0.02873,0.00308,0.04926,0.61878,0.01437,0.00205,0.00154,0.09954,0.01488,0.02206,0.00051,0.00000,0.00000,0.00051,0.51103,0.06414,0.05798,0.04720,0.55105,0.01334,0.00924,0.00359,0.00154,0.00924,0.02617,0.02309,0.05387,0.00166,0.03848,0.00000,0.00821,0.00257,0.00462,0.00000,0.00924,0.00028,0.00770,0.00000,0.00103,0.00000,0.00051,0.00000,0.00821,0.00513,0.00103,0.00308,0.00410,0.00257,0.01231,0.01067,0.00975,0.17701,0.03797,0.01098,0.01950,0.07388,0.08363,0.01231,0.00154,0.00000,0.01077,0.00513,0.01744,0.01334,0.00462,0.00000,0.84043,0.00924,0.05900,0.32016,0.52848,0.09749,0.82453,0.04515,0.08415,0.02755,0.04823,0.01077,0.64751,3.15239,2.05080,0.11237,0.03797,0.03130,0.03079,0.03848,0.97332,0.70652,0.03725,0.14366,0.00205,0.00000,0.00000,0.01283,0.02873,0.01385,0.02206,0.00103,0.00000,0.00000,0.07286,0.01180,0.01129,0.02622,1.49820
Ashley Barnes,0.257,0.076,45.000,0.553,0.220,32.000,0.208,0.050,49.000,0.751,0.170,33.000,ga GAB,FW,Arsenal,31.00,1989.00,25.90,0.00513,0.02873,0.00975,0.01739,0.00111,0.00037,0.00007,0.00022,0.00693,0.00000,0.00103,0.00103,0.00544,0.00467,0.00008,-0.00031,-0.00056,0.26578,0.35454,0.03848,4.04464,0.77322,0.14828,0.18214,0.04177,0.09389,0.12211,0.03946,0.01437,0.02617,0.02817,0.00154,0.00144,0.00010,0.01129,0.00924,0.01385,0.00462,0.02565,0.34377,0.01077,0.00051,0.00308,0.07234,0.00462,0.02411,0.00051,0.00000,0.00000,0.00000,0.25398,0.05233,0.04823,0.03899,0.28938,0.00872,0.00154,0.00462,0.00462,0.00257,0.00821,0.01180,0.02309,0.00089,0.01847,0.00000,0.00205,0.00103,0.00154,0.00000,0.00359,0.00014,0.00308,0.00000,0.00051,0.00000,0.00000,0.00000,0.00872,0.00257,0.00410,0.00359,0.00103,0.00205,0.01026,0.01026,0.00821,0.17650,0.04259,0.01237,0.02925,0.07388,0.07337,0.01334,0.00103,0.00000,0.01231,0.00308,0.01642,0.01180,0.00718,0.00000,0.46331,0.01231,0.06465,0.18779,0.24166,0.06465,0.45203,0.00616,0.01437,0.02201,0.00667,0.00000,0.31093,1.79631,1.06311,0.05439,0.01796,0.01437,0.01642,0.00975,0.64238,0.36685,0.02930,0.09543,0.00103,0.00000,0.00000,0.01077,0.00975,0.00924,0.02411,0.00000,0.00000,0.00051,0.04310,0.01591,0.03284,0.01673,1.19651
Alexandre Lacazette,0.565,0.204,7.000,0.546,0.230,26.000,0.193,0.120,40.000,0.872,0.260,6.000,eng ENG,FW,Southampton,28.00,1992.00,24.10,0.00616,0.02822,0.01231,0.02237,0.00117,0.00051,0.00009,0.00022,0.00770,0.00000,0.00103,0.00103,0.00426,0.00344,0.00006,0.00190,0.00169,0.17650,0.26629,0.03402,2.66598,0.73730,0.10364,0.13391,0.03971,0.05285,0.07799,0.03479,0.01385,0.03232,0.02201,0.00205,0.00133,0.00072,0.01129,0.01488,0.00975,0.00308,0.02514,0.26065,0.00564,0.00000,0.00051,0.06773,0.00564,0.01231,0.00000,0.00000,0.00000,0.00000,0.16778,0.04720,0.05131,0.02822,0.21447,0.01283,0.00103,0.00308,0.00205,0.00718,0.01026,0.01283,0.02925,0.00121,0.02155,0.00000,0.00462,0.00205,0.00103,0.00000,0.00513,0.00021,0.00257,0.00000,0.00154,0.00103,0.00000,0.00000,0.01283,0.00667,0.00308,0.00821,0.00154,0.00564,0.01693,0.01709,0.01129,0.20113,0.04823,0.01231,0.02873,0.08415,0.08825,0.02411,0.00154,0.00000,0.02258,0.00359,0.02771,0.01642,0.00872,0.00103,0.41970,0.01231,0.04310,0.19292,0.20780,0.06260,0.41303,0.01898,0.03284,0.02966,0.02001,0.00257,0.28220,1.15546,0.53002,0.03027,0.01180,0.00718,0.02976,0.01693,0.52694,0.29451,0.02868,0.07953,0.00051,0.00000,0.00000,0.01385,0.01129,0.01026,0.01231,0.00000,0.00051,0.00000,0.05593,0.01077,0.03181,0.01298,1.11493
Mbaye Diagne,0.726,0.081,43.000,0.524,0.200,38.000,0.181,0.070,47.000,0.560,0.150,38.000,jm JAM,FW,West Ham,30.00,1990.00,21.90,0.00513,0.03284,0.01180,0.01842,0.00150,0.00054,0.00008,0.00022,0.00657,0.00000,0.00000,0.00000,0.00585,0.00585,0.00009,-0.00072,-0.00072,0.16727,0.25141,0.03412,2.56952,0.47409,0.09697,0.13289,0.03746,0.04618,0.06875,0.03448,0.01539,0.02668,0.02960,0.00257,0.00118,0.00139,0.01180,0.01129,0.00616,0.00103,0.01283,0.24218,0.00924,0.00051,0.00000,0.08774,0.00718,0.01539,0.00000,0.00000,0.00000,0.00000,0.14520,0.06362,0.04259,0.03899,0.16367,0.01437,0.00410,0.00616,0.00103,0.00564,0.00872,0.01591,0.03335,0.00152,0.01744,0.00051,0.00410,0.00359,0.00770,0.00000,0.00564,0.00026,0.00257,0.00051,0.00000,0.00103,0.00154,0.00000,0.00718,0.00410,0.00051,0.00359,0.00308,0.00103,0.00462,0.01139,0.00359,0.13032,0.03335,0.01313,0.00975,0.04720,0.07337,0.01283,0.00462,0.00000,0.00821,0.00462,0.01744,0.01180,0.00410,0.00000,0.41765,0.00564,0.01847,0.18420,0.24628,0.06670,0.40893,0.02411,0.04156,0.02976,0.02719,0.00103,0.29246,1.48589,0.94818,0.05490,0.01693,0.01385,0.03951,0.02925,0.62596,0.32940,0.02699,0.09749,0.00154,0.00000,0.00000,0.01744,0.02463,0.00821,0.01539,0.00051,0.00000,0.00000,0.04156,0.03232,0.05952,0.01806,1.01283
Callum Wilson,0.693,0.168,13.000,0.510,0.190,39.000,0.484,0.220,32.000,0.640,0.190,29.000,br BRA,FW,Everton,23.00,1997.00,31.80,0.00359,0.04207,0.01642,0.02001,0.00132,0.00052,0.00004,0.00010,0.00744,0.00051,0.00051,0.00051,0.00590,0.00549,0.00007,-0.00231,-0.00241,0.27399,0.39610,0.03551,4.24474,0.89533,0.15239,0.19241,0.04064,0.09543,0.13391,0.03658,0.01847,0.03181,0.02981,0.00154,0.00164,-0.00010,0.01283,0.01231,0.00718,0.00051,0.02155,0.38687,0.00924,0.00205,0.00205,0.10723,0.00308,0.01180,0.00051,0.00051,0.00000,0.00000,0.30375,0.05336,0.03899,0.07748,0.29092,0.01437,0.00000,0.00205,0.00103,0.00667,0.02104,0.03386,0.04105,0.00129,0.02617,0.00000,0.00462,0.00257,0.00718,0.00051,0.00462,0.00014,0.00257,0.00000,0.00103,0.00051,0.00051,0.00000,0.02514,0.01539,0.01385,0.00924,0.00205,0.00667,0.02155,0.01591,0.01488,0.29451,0.07337,0.01278,0.06670,0.12314,0.10467,0.01693,0.00154,0.00000,0.01539,0.01026,0.02719,0.03540,0.01950,0.00000,0.62545,0.02668,0.10364,0.28733,0.30528,0.08055,0.61621,0.03181,0.05695,0.02868,0.03284,0.00359,0.46126,3.00975,1.82812,0.08671,0.03489,0.02052,0.03027,0.03438,0.72293,0.43715,0.03104,0.11955,0.00205,0.00051,0.00000,0.01847,0.04156,0.01283,0.01180,0.00051,0.00000,0.00000,0.09543,0.02155,0.04156,0.01750,1.46793
Oliver Burke,0.120,0.029,50.000,0.499,0.210,36.000,0.675,0.270,25.000,0.906,0.270,4.000,eng ENG,FW,Newcastle Utd,28.00,1992.00,23.20,0.00616,0.02258,0.00821,0.01868,0.00097,0.00035,0.00009,0.00026,0.00667,0.00000,0.00205,0.00205,0.00580,0.00421,0.00010,0.00036,-0.00010,0.13084,0.18779,0.03576,1.80657,0.35095,0.07594,0.10159,0.03833,0.04156,0.05387,0.03956,0.00462,0.00718,0.03299,0.00257,0.00113,0.00144,0.00718,0.00513,0.00667,0.00000,0.01026,0.17394,0.01385,0.00051,0.00103,0.06465,0.00051,0.00667,0.00051,0.00000,0.00000,0.00000,0.11801,0.04669,0.02309,0.02411,0.12981,0.01129,0.00205,0.00770,0.00000,0.00462,0.00667,0.01539,0.02668,0.00115,0.01488,0.00000,0.00257,0.00103,0.00770,0.00051,0.00564,0.00025,0.00308,0.00000,0.00000,0.00103,0.00154,0.00000,0.00667,0.00513,0.00103,0.00308,0.00257,0.00154,0.00616,0.01283,0.00462,0.17188,0.04618,0.01380,0.01693,0.07132,0.08363,0.00924,0.00154,0.00000,0.00770,0.00154,0.01077,0.00821,0.00616,0.00051,0.32632,0.00667,0.02873,0.14879,0.17342,0.05387,0.31144,0.01488,0.02514,0.03037,0.01744,0.00051,0.22576,1.18420,0.70446,0.03643,0.01385,0.01231,0.03489,0.02719,0.56285,0.23602,0.02150,0.07748,0.00103,0.00000,0.00000,0.02411,0.02463,0.01180,0.00667,0.00103,0.00000,0.00000,0.04464,0.02001,0.06516,0.01206,1.06927
Rhian Brewster,0.050,0.011,52.000,0.498,0.160,46.000,0.218,0.060,48.000,0.845,0.250,7.000,eng ENG,FW,Manchester Utd,18.00,2001.00,20.20,0.00359,0.03438,0.01180,0.01760,0.00170,0.00058,0.00005,0.00015,0.00841,0.00000,0.00000,0.00000,0.00380,0.00380,0.00006,-0.00021,-0.00021,0.31195,0.37558,0.04264,5.12571,0.83633,0.17291,0.19548,0.04541,0.10518,0.12109,0.04459,0.02617,0.04053,0.03315,0.00103,0.00092,0.00010,0.00770,0.01334,0.00872,0.00154,0.02155,0.37199,0.00359,0.00103,0.00103,0.07337,0.01539,0.01539,0.00205,0.00000,0.00000,0.00000,0.30631,0.02976,0.03951,0.28630,0.08312,0.00359,0.00000,0.00051,0.00154,0.00154,0.01129,0.01180,0.02565,0.00127,0.01488,0.00051,0.00410,0.00359,0.00205,0.00051,0.00257,0.00013,0.00154,0.00000,0.00103,0.00000,0.00000,0.00000,0.00975,0.00616,0.00410,0.00308,0.00257,0.00205,0.01180,0.00893,0.00975,0.13494,0.03797,0.01442,0.02719,0.05900,0.04874,0.00359,0.00000,0.00000,0.00359,0.00462,0.00821,0.01437,0.00154,0.00000,0.49205,0.00205,0.05028,0.20831,0.27091,0.05798,0.48846,0.01950,0.03746,0.02673,0.02309,0.00103,0.39764,2.19189,1.17188,0.06927,0.01334,0.01796,0.01488,0.01898,0.55464,0.41252,0.03817,0.07594,0.00103,0.00000,0.00000,0.01129,0.01334,0.00205,0.01539,0.00000,0.00000,0.00000,0.04772,0.00359,0.00872,0.01498,0.93484
Pierre-Emerick Aubameyang,0.444,0.129,24.000,0.471,0.210,36.000,0.548,0.260,27.000,0.564,0.150,38.000,mx MEX,FW,Wolves,29.00,1991.00,9.10,0.00205,0.01334,0.00513,0.01975,0.00146,0.00056,0.00008,0.00021,0.00790,0.00000,0.00000,0.00000,0.00123,0.00123,0.00005,0.00082,0.00082,0.10621,0.13494,0.04038,1.66290,0.28784,0.06465,0.07696,0.04310,0.02668,0.03284,0.04171,0.01129,0.01642,0.03530,0.00000,0.00041,-0.00041,0.00410,0.00821,0.00462,0.00000,0.00975,0.13084,0.00410,0.00051,0.00103,0.03899,0.00513,0.00154,0.00000,0.00000,0.00000,0.00000,0.08722,0.03079,0.01693,0.01077,0.10570,0.00667,0.00051,0.00564,0.00103,0.00308,0.00103,0.00462,0.01129,0.00124,0.00564,0.00000,0.00154,0.00205,0.00103,0.00103,0.00205,0.00023,0.00051,0.00000,0.00051,0.00103,0.00000,0.00000,0.00359,0.00205,0.00051,0.00205,0.00103,0.00000,0.00359,0.00000,0.00359,0.04618,0.01129,0.01252,0.00616,0.01847,0.02155,0.00410,0.00051,0.00000,0.00359,0.00308,0.00718,0.00667,0.00513,0.00051,0.19702,0.00770,0.01847,0.10929,0.08415,0.02104,0.19343,0.00564,0.01180,0.02453,0.00718,0.00000,0.12981,0.69728,0.37147,0.02206,0.00667,0.00308,0.01077,0.00975,0.21601,0.15136,0.03597,0.04053,0.00000,0.00000,0.00000,0.00462,0.00975,0.00205,0.00154,0.00000,0.00000,0.00051,0.02309,0.00872,0.00975,0.02422,0.42227
FÃ¡bio Silva,0.408,0.098,36.000,0.463,0.180,42.000,0.267,0.160,37.000,0.758,0.220,18.000,fr FRA,FW,Chelsea,33.00,1986.00,8.30,0.00205,0.01488,0.00513,0.01770,0.00179,0.00062,0.00007,0.00021,0.00554,0.00000,0.00000,0.00000,0.00246,0.00246,0.00009,-0.00041,-0.00041,0.08261,0.11134,0.03807,1.02719,0.12878,0.05695,0.07440,0.03930,0.01488,0.02104,0.03628,0.00410,0.00410,0.05131,0.00000,0.00036,-0.00036,0.00359,0.00359,0.00051,0.00000,0.00359,0.10826,0.00308,0.00000,0.00000,0.02617,0.00051,0.00154,0.00000,0.00000,0.00000,0.00000,0.06927,0.02565,0.01642,0.07337,0.01642,0.00872,0.00103,0.00564,0.00000,0.00000,0.00667,0.00359,0.00770,0.00092,0.00616,0.00000,0.00000,0.00103,0.00000,0.00051,0.00000,0.00000,0.00000,0.00000,0.00000,0.00000,0.00000,0.00000,0.00410,0.00205,0.00000,0.00257,0.00154,0.00000,0.00154,0.00000,0.00154,0.06773,0.01796,0.01360,0.00770,0.02617,0.03386,0.00154,0.00051,0.00000,0.00103,0.00205,0.00359,0.00616,0.00513,0.00000,0.15444,0.00513,0.01796,0.06978,0.07029,0.02411,0.15136,0.00154,0.00257,0.03079,0.00154,0.00000,0.07132,0.12263,0.03694,0.00154,0.00051,0.00000,0.00770,0.00462,0.23037,0.11801,0.02627,0.02719,0.00051,0.00000,0.00000,0.00872,0.00410,0.00308,0.00154,0.00000,0.00000,0.00000,0.01950,0.01026,0.01693,0.01934,0.38379
Christian Benteke,0.542,0.179,9.000,0.455,0.190,39.000,0.363,0.210,35.000,0.581,0.150,38.000,eng ENG,FW,Chelsea,22.00,1997.00,11.60,0.00308,0.01642,0.00667,0.02083,0.00142,0.00058,0.00010,0.00024,0.00498,0.00000,0.00000,0.00000,0.00328,0.00328,0.00010,-0.00021,-0.00021,0.07645,0.11185,0.03504,1.05541,0.16778,0.04720,0.06054,0.04002,0.02001,0.03284,0.03125,0.00462,0.00770,0.03079,0.00051,0.00046,0.00005,0.00410,0.00616,0.00103,0.00000,0.00564,0.10672,0.00513,0.00103,0.00000,0.03951,0.00051,0.00205,0.00000,0.00000,0.00000,0.00000,0.06978,0.02771,0.01437,0.00872,0.07542,0.00924,0.00000,0.00616,0.00000,0.00205,0.00154,0.00667,0.00924,0.00080,0.00564,0.00000,0.00051,0.00154,0.00154,0.00000,0.00103,0.00009,0.00051,0.00000,0.00000,0.00000,0.00051,0.00000,0.00410,0.00205,0.00154,0.00205,0.00051,0.00051,0.00308,0.00857,0.00257,0.08312,0.01950,0.01206,0.00667,0.03643,0.04002,0.00462,0.00103,0.00000,0.00359,0.00103,0.00564,0.00513,0.00872,0.00000,0.18266,0.01077,0.02052,0.08568,0.08517,0.03386,0.17804,0.00308,0.00975,0.01621,0.00308,0.00103,0.09082,0.36378,0.12930,0.00667,0.00257,0.00205,0.01334,0.00667,0.25192,0.12878,0.02622,0.04926,0.00000,0.00000,0.00000,0.01334,0.00975,0.00257,0.00205,0.00051,0.00000,0.00000,0.02411,0.02001,0.01437,0.02986,0.53361
SÃ©bastien Haller,0.268,0.106,33.000,0.455,0.180,42.000,0.141,0.090,43.000,0.665,0.200,24.000,sct SCO,FW,Sheffield Utd,24.00,1996.00,14.70,0.00051,0.01539,0.00616,0.02052,0.00105,0.00042,0.00002,0.00004,0.00585,0.00000,0.00000,0.00000,0.00159,0.00159,0.00005,-0.00108,-0.00108,0.13751,0.21857,0.03227,1.89328,0.53925,0.08568,0.12622,0.03484,0.04207,0.06824,0.03166,0.00359,0.00564,0.03263,0.00000,0.00056,-0.00056,0.00718,0.01077,0.00821,0.00000,0.02206,0.21344,0.00513,0.00051,0.00154,0.09133,0.00051,0.00154,0.00000,0.00000,0.00000,0.00000,0.10364,0.05490,0.06003,0.01180,0.11647,0.02822,0.00000,0.00410,0.00103,0.00462,0.00616,0.01026,0.01488,0.00101,0.01231,0.00000,0.00000,0.00205,0.00051,0.00000,0.00154,0.00010,0.00051,0.00000,0.00000,0.00051,0.00051,0.00000,0.00667,0.00359,0.00308,0.00257,0.00103,0.00257,0.00975,0.01349,0.00718,0.15187,0.03181,0.01072,0.01231,0.08312,0.05644,0.00872,0.00205,0.00000,0.00667,0.00410,0.01283,0.01077,0.01283,0.00000,0.30888,0.01539,0.02822,0.12776,0.16162,0.02976,0.30426,0.00462,0.01077,0.02201,0.00513,0.00103,0.12930,0.53155,0.25141,0.01385,0.00410,0.00154,0.01283,0.01283,0.36172,0.23191,0.03289,0.04720,0.00103,0.00000,0.00000,0.01488,0.01488,0.00205,0.00154,0.00051,0.00000,0.00000,0.03335,0.07183,0.06106,0.02776,0.67932
Patrick Bamford,0.731,0.175,12.000,0.453,0.180,42.000,0.406,0.220,32.000,0.836,0.250,7.000,eng ENG,FW,Sheffield Utd,34.00,1986.00,8.20,0.00154,0.00359,0.00154,0.02201,0.00044,0.00019,0.00007,0.00017,0.00785,0.00000,0.00103,0.00103,0.00139,0.00062,0.00009,0.00015,-0.00010,0.04413,0.06311,0.03586,0.59415,0.08620,0.02360,0.03027,0.04002,0.01591,0.02258,0.03617,0.00000,0.00103,0.00000,0.00000,0.00031,-0.00031,0.00205,0.00103,0.00154,0.00000,0.00308,0.05695,0.00616,0.00051,0.00051,0.01437,0.00000,0.00359,0.00000,0.00000,0.00000,0.00000,0.04259,0.00975,0.01077,0.00718,0.04515,0.00205,0.00051,0.00257,0.00103,0.00154,0.00154,0.00462,0.00257,0.00031,0.00257,0.00000,0.00000,0.00000,0.00000,0.00000,0.00000,0.00000,0.00000,0.00000,0.00000,0.00000,0.00000,0.00000,0.00359,0.00257,0.00000,0.00257,0.00103,0.00154,0.00513,0.01539,0.00359,0.07440,0.01744,0.01201,0.00667,0.03232,0.03540,0.00103,0.00000,0.00000,0.00103,0.00154,0.00257,0.00513,0.00051,0.00000,0.10262,0.00000,0.00410,0.03848,0.06567,0.02104,0.09595,0.00359,0.00513,0.03592,0.00359,0.00051,0.06875,0.27040,0.09954,0.00616,0.00205,0.00205,0.00872,0.01129,0.16367,0.07337,0.02299,0.03284,0.00051,0.00000,0.00000,0.00975,0.00770,0.00564,0.00359,0.00000,0.00000,0.00000,0.01334,0.00667,0.01847,0.01360,0.37712
Olivier Giroud,0.447,0.166,15.000,0.424,0.170,45.000,0.066,0.010,52.000,0.724,0.210,20.000,nz NZL,FW,Burnley,28.00,1991.00,30.50,0.00616,0.03438,0.01898,0.02832,0.00113,0.00062,0.00008,0.00014,0.00672,0.00000,0.00103,0.00103,0.00682,0.00605,0.00009,-0.00067,-0.00092,0.22576,0.33761,0.03433,3.00000,0.46998,0.14007,0.19548,0.03679,0.06516,0.09595,0.03484,0.00667,0.01180,0.02899,0.00154,0.00113,0.00041,0.01180,0.01231,0.00257,0.00000,0.01744,0.32683,0.01077,0.00051,0.00051,0.14110,0.00205,0.00205,0.00000,0.00000,0.00000,0.00000,0.15803,0.09543,0.08415,0.03027,0.17599,0.05028,0.00000,0.01026,0.00154,0.00770,0.00924,0.01437,0.02411,0.00079,0.01898,0.00000,0.00205,0.00103,0.00103,0.00103,0.00410,0.00013,0.00205,0.00000,0.00103,0.00051,0.00051,0.00000,0.00872,0.00564,0.00205,0.00154,0.00513,0.00308,0.00872,0.01811,0.00564,0.18163,0.04669,0.01319,0.01026,0.06721,0.10416,0.01385,0.00205,0.00000,0.01180,0.00257,0.01642,0.01129,0.00975,0.00000,0.49615,0.01180,0.03592,0.20677,0.27091,0.07081,0.48538,0.00667,0.01334,0.02565,0.00667,0.00103,0.24628,0.76757,0.33248,0.01642,0.00770,0.00410,0.04156,0.02771,0.88866,0.38789,0.02237,0.12673,0.00000,0.00000,0.00000,0.02155,0.01693,0.01283,0.00205,0.00051,0.00000,0.00000,0.05182,0.08620,0.11031,0.02252,1.40636
Willian JosÃ©,0.137,0.033,49.000,0.418,0.160,46.000,0.305,0.120,40.000,0.656,0.120,49.000,eng ENG,FW,Everton,23.00,1997.00,31.90,0.00821,0.04156,0.02360,0.02914,0.00130,0.00074,0.00010,0.00018,0.00600,0.00000,0.00000,0.00000,0.00790,0.00790,0.00010,0.00031,0.00031,0.24577,0.34325,0.03674,3.69215,0.58953,0.14572,0.18933,0.03951,0.06721,0.09903,0.03484,0.02258,0.02719,0.04259,0.00000,0.00103,-0.00103,0.00872,0.01385,0.00564,0.00051,0.01847,0.33402,0.00924,0.00000,0.00051,0.11493,0.00410,0.00770,0.00103,0.00000,0.00000,0.00000,0.18625,0.09595,0.06106,0.02463,0.21498,0.02668,0.00051,0.02514,0.00308,0.00770,0.01026,0.01334,0.02565,0.00081,0.01591,0.00000,0.00103,0.00308,0.00462,0.00103,0.00462,0.00014,0.00103,0.00000,0.00000,0.00257,0.00103,0.00000,0.00872,0.00616,0.00000,0.00359,0.00513,0.00103,0.00564,0.00934,0.00462,0.17804,0.04977,0.01437,0.01180,0.07696,0.08928,0.01591,0.00410,0.00000,0.01180,0.00257,0.01847,0.01129,0.01591,0.00000,0.54746,0.02206,0.04926,0.24628,0.27963,0.08004,0.53822,0.01026,0.02360,0.02232,0.01129,0.00154,0.28476,1.54284,0.58902,0.03232,0.01129,0.00975,0.05798,0.02565,0.82299,0.42227,0.02632,0.10621,0.00154,0.00000,0.00000,0.01950,0.02258,0.00975,0.00770,0.00103,0.00000,0.00000,0.05900,0.07337,0.07542,0.02530,1.47306
Chris Wood,0.475,0.141,21.000,0.376,0.150,48.000,0.375,0.220,32.000,0.521,0.150,38.000,be BEL,FW,Crystal Palace,29.00,1990.00,20.20,0.00513,0.03643,0.01693,0.02386,0.00181,0.00084,0.00007,0.00015,0.00590,0.00000,0.00000,0.00000,0.00416,0.00416,0.00006,0.00097,0.00097,0.18779,0.29400,0.03279,2.59159,0.50795,0.11134,0.16727,0.03417,0.05285,0.08774,0.03089,0.01077,0.01539,0.03592,0.00051,0.00051,0.00000,0.00770,0.01283,0.00718,0.00103,0.01693,0.28374,0.01026,0.00051,0.00051,0.14161,0.00205,0.00308,0.00000,0.00000,0.00000,0.00000,0.12160,0.08312,0.08928,0.01385,0.15495,0.03079,0.00051,0.00821,0.00205,0.00564,0.01026,0.00770,0.01950,0.00096,0.01488,0.00000,0.00154,0.00103,0.00103,0.00103,0.00257,0.00013,0.00103,0.00000,0.00051,0.00000,0.00051,0.00051,0.00667,0.00462,0.00051,0.00257,0.00359,0.00000,0.00410,0.00000,0.00410,0.12314,0.02925,0.01221,0.00821,0.06619,0.04874,0.00872,0.00308,0.00051,0.00564,0.00257,0.01129,0.00924,0.01898,0.00000,0.43509,0.02411,0.04361,0.21960,0.18471,0.06516,0.42535,0.00821,0.01488,0.02832,0.00872,0.00000,0.18317,0.66342,0.30477,0.02104,0.00513,0.00513,0.03079,0.01385,0.61878,0.33248,0.02755,0.07542,0.00154,0.00051,0.00051,0.01950,0.01334,0.00770,0.00308,0.00000,0.00000,0.00000,0.04053,0.10877,0.07696,0.03007,0.93176
Tammy Abraham,0.483,0.176,11.000,0.367,0.150,48.000,0.165,0.080,46.000,0.616,0.160,35.000,br BRA,FW,Wolves,28.00,1991.00,12.30,0.00051,0.00975,0.00308,0.01621,0.00079,0.00025,0.00003,0.00009,0.00708,0.00000,0.00000,0.00000,0.00097,0.00097,0.00005,-0.00046,-0.00046,0.12776,0.15700,0.04177,2.26065,0.29246,0.06208,0.07183,0.04433,0.04413,0.05182,0.04366,0.01642,0.02001,0.04212,0.00000,0.00031,-0.00031,0.00564,0.00718,0.00154,0.00000,0.00616,0.14879,0.00821,0.00000,0.00000,0.04669,0.00616,0.00359,0.00000,0.00000,0.00000,0.00000,0.10518,0.02668,0.02514,0.01385,0.12314,0.00616,0.00051,0.00616,0.00051,0.00154,0.00462,0.00410,0.00975,0.00079,0.00667,0.00000,0.00051,0.00103,0.00103,0.00051,0.00051,0.00004,0.00000,0.00000,0.00000,0.00000,0.00051,0.00000,0.00103,0.00103,0.00000,0.00051,0.00051,0.00000,0.00205,0.00000,0.00205,0.06106,0.01642,0.01380,0.00257,0.03232,0.02617,0.00359,0.00051,0.00000,0.00308,0.00359,0.00718,0.00462,0.00513,0.00000,0.20677,0.00718,0.01950,0.12314,0.07953,0.01950,0.19856,0.00462,0.00564,0.04197,0.00462,0.00051,0.13032,0.52078,0.16367,0.00667,0.00564,0.00000,0.01231,0.00770,0.28322,0.15341,0.02781,0.04310,0.00000,0.00000,0.00000,0.00462,0.00667,0.00103,0.00359,0.00051,0.00000,0.00000,0.02822,0.01129,0.01539,0.02170,0.56952
Dominic Calvert-Lewin,0.553,0.177,10.000,0.357,0.140,50.000,0.279,0.090,43.000,0.554,0.150,38.000,eng ENG,FW,Burnley,30.00,1989.00,14.80,0.00154,0.02001,0.00616,0.01580,0.00135,0.00042,0.00003,0.00009,0.00806,0.00000,0.00051,0.00051,0.00262,0.00226,0.00006,-0.00108,-0.00123,0.10005,0.15752,0.03258,1.32324,0.29451,0.06619,0.08876,0.03828,0.02309,0.03797,0.03120,0.00410,0.01488,0.01416,0.00000,0.00036,-0.00036,0.00667,0.00667,0.00359,0.00051,0.01026,0.15546,0.00205,0.00051,0.00000,0.05593,0.00205,0.00308,0.00000,0.00000,0.00000,0.00000,0.08722,0.03335,0.03694,0.02001,0.09543,0.01488,0.00000,0.00564,0.00103,0.00257,0.00564,0.00718,0.01847,0.00125,0.01283,0.00000,0.00000,0.00257,0.00205,0.00103,0.00103,0.00007,0.00000,0.00000,0.00000,0.00051,0.00051,0.00000,0.00821,0.00308,0.00103,0.00359,0.00359,0.00205,0.00616,0.01709,0.00410,0.10364,0.02668,0.01319,0.01231,0.03951,0.05182,0.00770,0.00154,0.00000,0.00616,0.00257,0.01026,0.01077,0.00462,0.00000,0.26167,0.00513,0.02617,0.11750,0.12981,0.03540,0.26013,0.00103,0.00308,0.01709,0.00154,0.00000,0.15393,0.47871,0.21755,0.01334,0.00462,0.00205,0.02617,0.01283,0.38327,0.19189,0.02571,0.05182,0.00205,0.00000,0.00000,0.02719,0.02873,0.00872,0.00308,0.00051,0.00000,0.00000,0.03848,0.02822,0.05028,0.01842,0.68291
Aaron Connolly,0.263,0.085,40.000,0.310,0.120,51.000,0.448,0.260,27.000,0.750,0.230,13.000,pt POR,FW,Wolves,18.00,2002.00,15.20,0.00205,0.02360,0.00821,0.01786,0.00155,0.00054,0.00004,0.00010,0.00662,0.00000,0.00051,0.00051,0.00308,0.00272,0.00006,-0.00103,-0.00118,0.11647,0.15700,0.03807,1.61878,0.22473,0.06978,0.08363,0.04279,0.03386,0.04361,0.03982,0.00616,0.01437,0.02201,0.00154,0.00026,0.00128,0.00564,0.00410,0.00308,0.00000,0.00872,0.14572,0.01129,0.00000,0.00000,0.04515,0.00154,0.00308,0.00000,0.00000,0.00000,0.00000,0.09851,0.03592,0.02258,0.00975,0.12417,0.00924,0.00051,0.00308,0.00000,0.00359,0.00821,0.00564,0.01591,0.00105,0.00872,0.00000,0.00154,0.00308,0.00205,0.00051,0.00205,0.00013,0.00154,0.00000,0.00000,0.00000,0.00051,0.00000,0.00513,0.00308,0.00103,0.00257,0.00154,0.00154,0.00564,0.01401,0.00410,0.13391,0.03592,0.01375,0.01539,0.06362,0.05490,0.00616,0.00051,0.00000,0.00564,0.00257,0.00872,0.00770,0.00257,0.00000,0.25192,0.00564,0.02771,0.11904,0.12211,0.04566,0.24064,0.00770,0.01642,0.02406,0.00821,0.00103,0.15393,0.60185,0.29759,0.01437,0.00513,0.00308,0.02206,0.01026,0.34992,0.18214,0.02673,0.05182,0.00103,0.00000,0.00000,0.01283,0.01283,0.00257,0.00308,0.00051,0.00000,0.00000,0.03438,0.01642,0.03899,0.01519,0.70241
Billy Sharp,0.341,0.117,31.000,0.270,0.090,52.000,0.230,0.050,49.000,0.698,0.210,20.000,ie IRL,FW,Brighton,20.00,2000.00,8.80,0.00103,0.01180,0.00410,0.01786,0.00134,0.00047,0.00005,0.00013,0.00703,0.00000,0.00000,0.00000,0.00180,0.00180,0.00008,-0.00077,-0.00077,0.04053,0.05182,0.04012,0.58851,0.08466,0.02309,0.02873,0.04125,0.01334,0.01539,0.04448,0.00205,0.00257,0.04105,0.00051,0.00010,0.00041,0.00257,0.00103,0.00051,0.00000,0.00154,0.04669,0.00513,0.00000,0.00000,0.01129,0.00051,0.00103,0.00000,0.00000,0.00000,0.00000,0.03284,0.01334,0.00564,0.00564,0.03797,0.00257,0.00000,0.00154,0.00000,0.00000,0.00103,0.00205,0.00616,0.00070,0.00359,0.00000,0.00154,0.00000,0.00103,0.00000,0.00051,0.00006,0.00051,0.00000,0.00000,0.00000,0.00000,0.00000,0.00359,0.00257,0.00103,0.00205,0.00051,0.00051,0.00257,0.01026,0.00205,0.06362,0.02052,0.01657,0.00359,0.02976,0.03027,0.00462,0.00051,0.00000,0.00410,0.00000,0.00462,0.00359,0.00051,0.00000,0.10313,0.00051,0.00718,0.04310,0.05952,0.01950,0.09800,0.00410,0.00513,0.04105,0.00410,0.00000,0.06362,0.33607,0.19856,0.00872,0.00410,0.00205,0.01488,0.00770,0.18317,0.07337,0.02057,0.03284,0.00000,0.00000,0.00000,0.00359,0.00821,0.00410,0.00103,0.00051,0.00000,0.00000,0.01437,0.00564,0.01539,0.01375,0.40585